API NO.,PlatLink,District,Lease,Well Number,Permitted Operator,County,Status Date,Status Number,Wellbore Profiles,Filing Purpose,Amend,Total Depth,Stacked Lateral Parent Well DP #,Status,PlatFilePath
32946771,https://rrcsearch3.neubus.com/esd3-rrc/api.php?function=GetImage&api_no=32946771&rrcActionMan=H4sIAAAAAAAAAM1Qy2rDMBD8Gvdo9LBCc9iDCem5SUNzMDkotnAEtmVWch-gj-_KIdA6PZdexM7saJidyBkDETnjwB8Q67IO1g37GpuKnWDm381Zj6MXOa3zYD60z1v3lsmyKCQJBGTiaXssaZRpbNB2nR3aZ4O9DX43Gfy8uuaNI1EBvQkX1xzcRncdEQrQhAmHg3sxGusLUY_A7sJUft6W2Pp81Kj7V91NZs5InlyqTGykWCeo4GxaO_ijDcmN7H5gLhZ4oRcFME6XzI8gmDh15eSNW-Tjf1aWv5W0glG3Br-V8Wtz_FQtdSkr8CiAsyhhrSIdHFVCK3ru__-v5r8A0-A38bMCAAA,32946771,Links Images GIS Viewer Completion,08,CMC BUTTERCUP 25-37 UNIT,0371WA,CHEVRON U. S. A. INC.(148113),MIDLAND,Submitted: 01/22/2024 Approved: 01/25/2024,896719,Horizontal,New Drill,N,11405,data/plat_files/0371WA/32946771.tif
32946772,https://rrcsearch3.neubus.com/esd3-rrc/api.php?function=GetImage&api_no=32946772&rrcActionMan=H4sIAAAAAAAAAM1Qy2rDMBD8Gvdo9LBCc9iDCem5SUNzMDkotnAEtmVWch-gj-_KIdA6PZdexM7saJidyBkDETnjwB8Q67IO1g37GpuKnWDm381Zj6MXOa3zYD60z1v3lsmyKCQJBGTiaXssaZRpbNB2nR3aZ4O9DX43Gfy8uuaNI1EBvQkX1xzcRncdEQrQhAmHg3sxGusLUY_A7sJUft6W2Pp81Kj7V91NZs5InlyqTGykWCeo4GxaO_ijDcmN7H5gLhZ4oRcFME6XzI8gmDh15eSNW-Tjf1aWv5W0glG3Br-V8Wtz_FQtdSkr8CiAsyhhrSIdHFVCK3ru__-v5r8A0-A38bMCAAA,32946772,Links Images GIS Viewer Completion,08,CMC BUTTERCUP 25-37 UNIT,0372WC,CHEVRON U. S. A. INC.(148113),MIDLAND,Submitted: 01/22/2024 Approved: 01/25/2024,896720,Horizontal,New Drill,N,11405,data/plat_files/0372WC/32946772.tif
32946773,https://rrcsearch3.neubus.com/esd3-rrc/api.php?function=GetImage&api_no=32946773&rrcActionMan=H4sIAAAAAAAAAM1Qy2rDMBD8Gvdo9LBCc9iDCem5SUNzMDkotnAEtmVWch-gj-_KIdA6PZdexM7saJidyBkDETnjwB8Q67IO1g37GpuKnWDm381Zj6MXOa3zYD60z1v3lsmyKCQJBGTiaXssaZRpbNB2nR3aZ4O9DX43Gfy8uuaNI1EBvQkX1xzcRncdEQrQhAmHg3sxGusLUY_A7sJUft6W2Pp81Kj7V91NZs5InlyqTGykWCeo4GxaO_ijDcmN7H5gLhZ4oRcFME6XzI8gmDh15eSNW-Tjf1aWv5W0glG3Br-V8Wtz_FQtdSkr8CiAsyhhrSIdHFVCK3ru__-v5r8A0-A38bMCAAA,32946773,Links Images GIS Viewer Completion,08,CMC BUTTERCUP 25-37 UNIT,0373WB,CHEVRON U. S. A. INC.(148113),MIDLAND,Submitted: 01/22/2024 Approved: 01/25/2024,896721,Horizontal,New Drill,N,11405,data/plat_files/0373WB/32946773.tif
32946774,https://rrcsearch3.neubus.com/esd3-rrc/api.php?function=GetImage&api_no=32946774&rrcActionMan=H4sIAAAAAAAAAM1Qy2rDMBD8Gvdo9LBCc9iDCem5SUNzMDkotnAEtmVWch-gj-_KIdA6PZdexM7saJidyBkDETnjwB8Q67IO1g37GpuKnWDm381Zj6MXOa3zYD60z1v3lsmyKCQJBGTiaXssaZRpbNB2nR3aZ4O9DX43Gfy8uuaNI1EBvQkX1xzcRncdEQrQhAmHg3sxGusLUY_A7sJUft6W2Pp81Kj7V91NZs5InlyqTGykWCeo4GxaO_ijDcmN7H5gLhZ4oRcFME6XzI8gmDh15eSNW-Tjf1aWv5W0glG3Br-V8Wtz_FQtdSkr8CiAsyhhrSIdHFVCK3ru__-v5r8A0-A38bMCAAA,32946774,Links Images GIS Viewer Completion,08,CMC BUTTERCUP 25-37 UNIT,0374WA,CHEVRON U. S. A. INC.(148113),MIDLAND,Submitted: 01/22/2024 Approved: 01/25/2024,896722,Horizontal,New Drill,N,11405,data/plat_files/0374WA/32946774.tif
32946775,https://rrcsearch3.neubus.com/esd3-rrc/api.php?function=GetImage&api_no=32946775&rrcActionMan=H4sIAAAAAAAAAM1Qy2rDMBD8Gvdo9LBCc9iDCem5SUNzMDkotnAEtmVWch-gj-_KIdA6PZdexM7saJidyBkDETnjwB8Q67IO1g37GpuKnWDm381Zj6MXOa3zYD60z1v3lsmyKCQJBGTiaXssaZRpbNB2nR3aZ4O9DX43Gfy8uuaNI1EBvQkX1xzcRncdEQrQhAmHg3sxGusLUY_A7sJUft6W2Pp81Kj7V91NZs5InlyqTGykWCeo4GxaO_ijDcmN7H5gLhZ4oRcFME6XzI8gmDh15eSNW-Tjf1aWv5W0glG3Br-V8Wtz_FQtdSkr8CiAsyhhrSIdHFVCK3ru__-v5r8A0-A38bMCAAA,32946775,Links Images GIS Viewer Completion,08,CMC BUTTERCUP 25-37 UNIT,0375WC,CHEVRON U. S. A. INC.(148113),MIDLAND,Submitted: 01/22/2024 Approved: 01/25/2024,896723,Horizontal,New Drill,N,11405,data/plat_files/0375WC/32946775.tif
32946776,https://rrcsearch3.neubus.com/esd3-rrc/api.php?function=GetImage&api_no=32946776&rrcActionMan=H4sIAAAAAAAAAM1Qy2rDMBD8Gvdo9LBCc9iDCem5SUNzMDkotnAEtmVWch-gj-_KIdA6PZdexM7saJidyBkDETnjwB8Q67IO1g37GpuKnWDm381Zj6MXOa3zYD60z1v3lsmyKCQJBGTiaXssaZRpbNB2nR3aZ4O9DX43Gfy8uuaNI1EBvQkX1xzcRncdEQrQhAmHg3sxGusLUY_A7sJUft6W2Pp81Kj7V91NZs5InlyqTGykWCeo4GxaO_ijDcmN7H5gLhZ4oRcFME6XzI8gmDh15eSNW-Tjf1aWv5W0glG3Br-V8Wtz_FQtdSkr8CiAsyhhrSIdHFVCK3ru__-v5r8A0-A38bMCAAA,32946776,Links Images GIS Viewer Completion,08,CMC BUTTERCUP 25-37 UNIT,0376WB,CHEVRON U. S. A. INC.(148113),MIDLAND,Submitted: 01/22/2024 Approved: 01/25/2024,896724,Horizontal,New Drill,N,11405,data/plat_files/0376WB/32946776.tif
32946650,https://rrcsearch3.neubus.com/esd3-rrc/api.php?function=GetImage&api_no=32946650&rrcActionMan=H4sIAAAAAAAAAM1Qy2rDMBD8Gvdo9LBCc9iDCem5SUNzMDkotnAEtmVWch-gj-_KIdA6PZdexM7saJidyBkDETnjwB8Q67IO1g37GpuKnWDm381Zj6MXOa3zYD60z1v3lsmyKCQJBGTiaXssaZRpbNB2nR3aZ4O9DX43Gfy8uuaNI1EBvQkX1xzcRncdEQrQhAmHg3sxGusLUY_A7sJUft6W2Pp81Kj7V91NZs5InlyqTGykWCeo4GxaO_ijDcmN7H5gLhZ4oRcFME6XzI8gmDh15eSNW-Tjf1aWv5W0glG3Br-V8Wtz_FQtdSkr8CiAsyhhrSIdHFVCK3ru__-v5r8A0-A38bMCAAA,32946650,Links Images GIS Viewer Completion,08,CMC PEONY A,0361CL,CHEVRON U. S. A. INC.(148113),MIDLAND,Submitted: 11/08/2023 Approved: 01/02/2024,895164,Horizontal,New Drill,N,11303,data/plat_files/0361CL/32946650.tif
32946651,https://rrcsearch3.neubus.com/esd3-rrc/api.php?function=GetImage&api_no=32946651&rrcActionMan=H4sIAAAAAAAAAM1Qy2rDMBD8Gvdo9LBCc9iDCem5SUNzMDkotnAEtmVWch-gj-_KIdA6PZdexM7saJidyBkDETnjwB8Q67IO1g37GpuKnWDm381Zj6MXOa3zYD60z1v3lsmyKCQJBGTiaXssaZRpbNB2nR3aZ4O9DX43Gfy8uuaNI1EBvQkX1xzcRncdEQrQhAmHg3sxGusLUY_A7sJUft6W2Pp81Kj7V91NZs5InlyqTGykWCeo4GxaO_ijDcmN7H5gLhZ4oRcFME6XzI8gmDh15eSNW-Tjf1aWv5W0glG3Br-V8Wtz_FQtdSkr8CiAsyhhrSIdHFVCK3ru__-v5r8A0-A38bMCAAA,32946651,Links Images GIS Viewer Completion,08,CMC PEONY A,0362WC,CHEVRON U. S. A. INC.(148113),MIDLAND,Submitted: 11/08/2023 Approved: 01/02/2024,895165,Horizontal,New Drill,N,11303,data/plat_files/0362WC/32946651.tif
32946652,https://rrcsearch3.neubus.com/esd3-rrc/api.php?function=GetImage&api_no=32946652&rrcActionMan=H4sIAAAAAAAAAM1Qy2rDMBD8Gvdo9LBCc9iDCem5SUNzMDkotnAEtmVWch-gj-_KIdA6PZdexM7saJidyBkDETnjwB8Q67IO1g37GpuKnWDm381Zj6MXOa3zYD60z1v3lsmyKCQJBGTiaXssaZRpbNB2nR3aZ4O9DX43Gfy8uuaNI1EBvQkX1xzcRncdEQrQhAmHg3sxGusLUY_A7sJUft6W2Pp81Kj7V91NZs5InlyqTGykWCeo4GxaO_ijDcmN7H5gLhZ4oRcFME6XzI8gmDh15eSNW-Tjf1aWv5W0glG3Br-V8Wtz_FQtdSkr8CiAsyhhrSIdHFVCK3ru__-v5r8A0-A38bMCAAA,32946652,Links Images GIS Viewer Completion,08,CMC PEONY D,0363CL,CHEVRON U. S. A. INC.(148113),MIDLAND,Submitted: 11/08/2023 Approved: 01/02/2024,895166,Horizontal,New Drill,N,11303,data/plat_files/0363CL/32946652.tif
32946653,https://rrcsearch3.neubus.com/esd3-rrc/api.php?function=GetImage&api_no=32946653&rrcActionMan=H4sIAAAAAAAAAM1Qy2rDMBD8Gvdo9LBCc9iDCem5SUNzMDkotnAEtmVWch-gj-_KIdA6PZdexM7saJidyBkDETnjwB8Q67IO1g37GpuKnWDm381Zj6MXOa3zYD60z1v3lsmyKCQJBGTiaXssaZRpbNB2nR3aZ4O9DX43Gfy8uuaNI1EBvQkX1xzcRncdEQrQhAmHg3sxGusLUY_A7sJUft6W2Pp81Kj7V91NZs5InlyqTGykWCeo4GxaO_ijDcmN7H5gLhZ4oRcFME6XzI8gmDh15eSNW-Tjf1aWv5W0glG3Br-V8Wtz_FQtdSkr8CiAsyhhrSIdHFVCK3ru__-v5r8A0-A38bMCAAA,32946653,Links Images GIS Viewer Completion,08,CMC PEONY D,0364JM,CHEVRON U. S. A. INC.(148113),MIDLAND,Submitted: 11/08/2023 Approved: 01/02/2024,895167,Horizontal,New Drill,N,11303,data/plat_files/0364JM/32946653.tif
32946654,https://rrcsearch3.neubus.com/esd3-rrc/api.php?function=GetImage&api_no=32946654&rrcActionMan=H4sIAAAAAAAAAM1Ry2rDMBD8Gvdo9LBCc9iDCem5SUNzMDkotlAEtmVWch_gj-_KIdA6PZdelp3ZYRiNJs4YiIkzDvwBsS7r6Hy_r7Gp2Alm_t2c9TAEkdM5j-ZDh9z6t0yWRSFJICATT9tjSatMa4OubV1vnw12LobdaPDz6po3nkQFdCZefHPwG922RChAE0fsD_7FaKwvRD0CuwtThflaog35oFF3r7odzZyRPLlUmdhIsU5QwdlY14eji8mN7H5gLhZ4oRcFME4vmYcgmDh15eSNW-Tjf1ZWuJW0gkFbg9_K-LU5fqqWupSVPl0AZ5OEtZqKtKk0VjTuDf5X9V-hmj4-tAIAAA,32946654,Links Images GIS Viewer Completion,08,CMC PEONY F,0365WC,CHEVRON U. S. A. INC.(148113),MIDLAND,Submitted: 11/08/2023 Approved: 01/02/2024,895168,Horizontal,New Drill,N,11303,data/plat_files/0365WC/32946654.tif
13544013,https://rrcsearch3.neubus.com/esd3-rrc/api.php?function=GetImage&api_no=13544013&rrcActionMan=H4sIAAAAAAAAAM1Ry2rDMBD8Gvdo9LBCc9iDCem5SUNzMDkotlAEtmVWch_gj-_KIdA6PZdelp3ZYRiNJs4YiIkzDvwBsS7r6Hy_r7Gp2Alm_t2c9TAEkdM5j-ZDh9z6t0yWRSFJICATT9tjSatMa4OubV1vnw12LobdaPDz6po3nkQFdCZefHPwG922RChAE0fsD_7FaKwvRD0CuwtThflaog35oFF3r7odzZyRPLlUmdhIsU5QwdlY14eji8mN7H5gLhZ4oRcFME4vmYcgmDh15eSNW-Tjf1ZWuJW0gkFbg9_K-LU5fqqWupSVPl0AZ5OEtZqKtKk0VjTuDf5X9V-hmj4-tAIAAA,13544013,Links Images GIS Viewer Completion,08,MILLARD -E- (18110),105,"RING ENERGY, INC.(712382)",ECTOR,Submitted: 11/30/2023 Approved: 01/09/2024,895638,Vertical,New Drill,N,8500,data/plat_files/105/13544013.tif
32946699,https://rrcsearch3.neubus.com/esd3-rrc/api.php?function=GetImage&api_no=32946699&rrcActionMan=H4sIAAAAAAAAAM1Ry2rDMBD8Gvdo9LBCc9iDCem5SUNzMDkotlAEtmVWch_gj-_KIdA6PZdelp3ZYRiNJs4YiIkzDvwBsS7r6Hy_r7Gp2Alm_t2c9TAEkdM5j-ZDh9z6t0yWRSFJICATT9tjSatMa4OubV1vnw12LobdaPDz6po3nkQFdCZefHPwG922RChAE0fsD_7FaKwvRD0CuwtThflaog35oFF3r7odzZyRPLlUmdhIsU5QwdlY14eji8mN7H5gLhZ4oRcFME4vmYcgmDh15eSNW-Tjf1ZWuJW0gkFbg9_K-LU5fqqWupSVPl0AZ5OEtZqKtKk0VjTuDf5X9V-hmj4-tAIAAA,32946699,Links Images GIS Viewer Completion,08,CRESPI C30A (61821),1H,"PIONEER NATURAL RES. USA, INC.(665748)",MIDLAND,Submitted: 11/30/2023 Approved: 01/03/2024,895639,Horizontal,New Drill,N,10605,data/plat_files/1H/32946699.tif
32946698,https://rrcsearch3.neubus.com/esd3-rrc/api.php?function=GetImage&api_no=32946698&rrcActionMan=H4sIAAAAAAAAAM1Ry2rDMBD8Gvdo9LBCc9iDCem5SUNzMDkotlAEtmVWch_gj-_KIdA6PZdelp3ZYRiNJs4YiIkzDvwBsS7r6Hy_r7Gp2Alm_t2c9TAEkdM5j-ZDh9z6t0yWRSFJICATT9tjSatMa4OubV1vnw12LobdaPDz6po3nkQFdCZefHPwG922RChAE0fsD_7FaKwvRD0CuwtThflaog35oFF3r7odzZyRPLlUmdhIsU5QwdlY14eji8mN7H5gLhZ4oRcFME4vmYcgmDh15eSNW-Tjf1ZWuJW0gkFbg9_K-LU5fqqWupSVPl0AZ5OEtZqKtKk0VjTuDf5X9V-hmj4-tAIAAA,32946698,Links Images GIS Viewer Completion,08,CRESPI C30B (61852),2H,"PIONEER NATURAL RES. USA, INC.(665748)",MIDLAND,Submitted: 11/30/2023 Approved: 01/03/2024,895636,Horizontal,New Drill,N,10605,data/plat_files/2H/32946698.tif
32946697,https://rrcsearch3.neubus.com/esd3-rrc/api.php?function=GetImage&api_no=32946697&rrcActionMan=H4sIAAAAAAAAAM1Ry2rDMBD8Gvdo9LBCc9iDCem5SUNzMDkotlAEtmVWch_gj-_KIdA6PZdelp3ZYRiNJs4YiIkzDvwBsS7r6Hy_r7Gp2Alm_t2c9TAEkdM5j-ZDh9z6t0yWRSFJICATT9tjSatMa4OubV1vnw12LobdaPDz6po3nkQFdCZefHPwG922RChAE0fsD_7FaKwvRD0CuwtThflaog35oFF3r7odzZyRPLlUmdhIsU5QwdlY14eji8mN7H5gLhZ4oRcFME4vmYcgmDh15eSNW-Tjf1ZWuJW0gkFbg9_K-LU5fqqWupSVPl0AZ5OEtZqKtKk0VjTuDf5X9V-hmj4-tAIAAA,32946697,Links Images GIS Viewer Completion,08,CRESPI C30C (61827),3H,"PIONEER NATURAL RES. USA, INC.(665748)",MIDLAND,Submitted: 11/30/2023 Approved: 01/05/2024,895633,Horizontal,New Drill,N,10605,data/plat_files/3H/32946697.tif
32946696,https://rrcsearch3.neubus.com/esd3-rrc/api.php?function=GetImage&api_no=32946696&rrcActionMan=H4sIAAAAAAAAAM1Ry2rDMBD8Gvdo9LBCc9iDCem5SUNzMDkotlAEtmVWch_gj-_KIdA6PZdelp3ZYRiNJs4YiIkzDvwBsS7r6Hy_r7Gp2Alm_t2c9TAEkdM5j-ZDh9z6t0yWRSFJICATT9tjSatMa4OubV1vnw12LobdaPDz6po3nkQFdCZefHPwG922RChAE0fsD_7FaKwvRD0CuwtThflaog35oFF3r7odzZyRPLlUmdhIsU5QwdlY14eji8mN7H5gLhZ4oRcFME4vmYcgmDh15eSNW-Tjf1ZWuJW0gkFbg9_K-LU5fqqWupSVPl0AZ5OEtZqKtKk0VjTuDf5X9V-hmj4-tAIAAA,32946696,Links Images GIS Viewer Completion,08,CRESPI C30D (61848),4H,"PIONEER NATURAL RES. USA, INC.(665748)",MIDLAND,Submitted: 11/30/2023 Approved: 01/05/2024,895632,Horizontal,New Drill,N,10605,data/plat_files/4H/32946696.tif
32946694,https://rrcsearch3.neubus.com/esd3-rrc/api.php?function=GetImage&api_no=32946694&rrcActionMan=H4sIAAAAAAAAAM1Ry2rDMBD8Gvdo9LBCc9iDCem5SUNzMDkotlAEtmVWch_gj-_KIdA6PZdelp3ZYRiNJs4YiIkzDvwBsS7r6Hy_r7Gp2Alm_t2c9TAEkdM5j-ZDh9z6t0yWRSFJICATT9tjSatMa4OubV1vnw12LobdaPDz6po3nkQFdCZefHPwG922RChAE0fsD_7FaKwvRD0CuwtThflaog35oFF3r7odzZyRPLlUmdhIsU5QwdlY14eji8mN7H5gLhZ4oRcFME4vmYcgmDh15eSNW-Tjf1ZWuJW0gkFbg9_K-LU5fqqWupSVPl0AZ5OEtZqKtKk0VjTuDf5X9V-hmj4-tAIAAA,32946694,Links Images GIS Viewer Completion,08,CRESPI C30E (61850),5H,"PIONEER NATURAL RES. USA, INC.(665748)",MIDLAND,Submitted: 11/30/2023 Approved: 01/05/2024,895626,Horizontal,New Drill,N,10605,data/plat_files/5H/32946694.tif
32946695,https://rrcsearch3.neubus.com/esd3-rrc/api.php?function=GetImage&api_no=32946695&rrcActionMan=H4sIAAAAAAAAAM1Ry2rDMBD8Gvdo9LBCc9iDCem5SUNzMDkotlAEtmVWch_gj-_KIdA6PZdelp3ZYRiNJs4YiIkzDvwBsS7r6Hy_r7Gp2Alm_t2c9TAEkdM5j-ZDh9z6t0yWRSFJICATT9tjSatMa4OubV1vnw12LobdaPDz6po3nkQFdCZefHPwG922RChAE0fsD_7FaKwvRD0CuwtThflaog35oFF3r7odzZyRPLlUmdhIsU5QwdlY14eji8mN7H5gLhZ4oRcFME4vmYcgmDh15eSNW-Tjf1ZWuJW0gkFbg9_K-LU5fqqWupSVPl0AZ5OEtZqKtKk0VjTuDf5X9V-hmj4-tAIAAA,32946695,Links Images GIS Viewer Completion,08,CRESPI C30F (61820),6H,"PIONEER NATURAL RES. USA, INC.(665748)",MIDLAND,Submitted: 11/30/2023 Approved: 01/05/2024,895620,Horizontal,New Drill,N,10605,data/plat_files/6H/32946695.tif
32946693,https://rrcsearch3.neubus.com/esd3-rrc/api.php?function=GetImage&api_no=32946693&rrcActionMan=H4sIAAAAAAAAAM1Ry2rDMBD8Gvdo9LBCc9iDCem5SUNzMDkotlAEtmVWch_gj-_KIdA6PZdelp3ZYRiNJs4YiIkzDvwBsS7r6Hy_r7Gp2Alm_t2c9TAEkdM5j-ZDh9z6t0yWRSFJICATT9tjSatMa4OubV1vnw12LobdaPDz6po3nkQFdCZefHPwG922RChAE0fsD_7FaKwvRD0CuwtThflaog35oFF3r7odzZyRPLlUmdhIsU5QwdlY14eji8mN7H5gLhZ4oRcFME4vmYcgmDh15eSNW-Tjf1ZWuJW0gkFbg9_K-LU5fqqWupSVPl0AZ5OEtZqKtKk0VjTuDf5X9V-hmj4-tAIAAA,32946693,Links Images GIS Viewer Completion,08,CRESPI E30A (62045),1H,"PIONEER NATURAL RES. USA, INC.(665748)",MIDLAND,Submitted: 11/30/2023 Approved: 01/05/2024,895616,Horizontal,New Drill,N,10605,data/plat_files/1H/32946693.tif
32946692,https://rrcsearch3.neubus.com/esd3-rrc/api.php?function=GetImage&api_no=32946692&rrcActionMan=H4sIAAAAAAAAAM1Ry2rDMBD8Gvdo9LBCc9iDCem5SUNzMDkotlAEtmVWch_gj-_KIdA6PZdelp3ZYRiNJs4YiIkzDvwBsS7r6Hy_r7Gp2Alm_t2c9TAEkdM5j-ZDh9z6t0yWRSFJICATT9tjSatMa4OubV1vnw12LobdaPDz6po3nkQFdCZefHPwG922RChAE0fsD_7FaKwvRD0CuwtThflaog35oFF3r7odzZyRPLlUmdhIsU5QwdlY14eji8mN7H5gLhZ4oRcFME4vmYcgmDh15eSNW-Tjf1ZWuJW0gkFbg9_K-LU5fqqWupSVPl0AZ5OEtZqKtKk0VjTuDf5X9V-hmj4-tAIAAA,32946692,Links Images GIS Viewer Completion,08,CRESPI E30B (62153),2H,"PIONEER NATURAL RES. USA, INC.(665748)",MIDLAND,Submitted: 11/30/2023 Approved: 01/05/2024,895615,Horizontal,New Drill,N,10605,data/plat_files/2H/32946692.tif
32946691,https://rrcsearch3.neubus.com/esd3-rrc/api.php?function=GetImage&api_no=32946691&rrcActionMan=H4sIAAAAAAAAAM1Qy2rDMBD8Gvdo9LBCc9iDCem5SUNzMDkotnAEtmVWch-gj-_KIdA6PZdelp3ZYZidyBkDETnjwB8Q67IO1g37GpuKnWDm381Zj6MXOZ3zYD60z1v3lsmyKCQJBGTiaXssaZVpbdB2nR3aZ4O9DX43Gfy8uuaNI1EBvQkX1xzcRncdEQrQhAmHg3sxGusLUY_A7sJUfr6W2Pp81Kj7V91NZs5InlyqTGykWCeo4GxaO_ijDcmN7H5gLhZ4oRcFME6fzEMQTJy6cvLGLfLxPyvL30pawahbg9_K-LU5fqqWupQVZBTAWZSwVrEAwaJKcEXj3uB_Vf8F9TcbVrQCAAA,32946691,Links Images GIS Viewer Completion,08,CRESPI E30C (61849),3H,"PIONEER NATURAL RES. USA, INC.(665748)",MIDLAND,Submitted: 11/30/2023 Approved: 01/05/2024,895614,Horizontal,New Drill,N,10605,data/plat_files/3H/32946691.tif
32946690,https://rrcsearch3.neubus.com/esd3-rrc/api.php?function=GetImage&api_no=32946690&rrcActionMan=H4sIAAAAAAAAAM1Qy2rDMBD8Gvdo9LBCc9iDCem5SUNzMDkotnAEtmVWch-gj-_KIdA6PZdelp3ZYZidyBkDETnjwB8Q67IO1g37GpuKnWDm381Zj6MXOZ3zYD60z1v3lsmyKCQJBGTiaXssaZVpbdB2nR3aZ4O9DX43Gfy8uuaNI1EBvQkX1xzcRncdEQrQhAmHg3sxGusLUY_A7sJUfr6W2Pp81Kj7V91NZs5InlyqTGykWCeo4GxaO_ijDcmN7H5gLhZ4oRcFME6fzEMQTJy6cvLGLfLxPyvL30pawahbg9_K-LU5fqqWupQVZBTAWZSwVrEAwaJKcEXj3uB_Vf8F9TcbVrQCAAA,32946690,Links Images GIS Viewer Completion,08,CRESPI E30D (61927),4H,"PIONEER NATURAL RES. USA, INC.(665748)",MIDLAND,Submitted: 11/30/2023 Approved: 01/05/2024,895613,Horizontal,New Drill,N,10605,data/plat_files/4H/32946690.tif
32946689,https://rrcsearch3.neubus.com/esd3-rrc/api.php?function=GetImage&api_no=32946689&rrcActionMan=H4sIAAAAAAAAAM1Qy2rDMBD8Gvdo9LBCc9iDCem5SUNzMDkotnAEtmVWch-gj-_KIdA6PZdelp3ZYZidyBkDETnjwB8Q67IO1g37GpuKnWDm381Zj6MXOZ3zYD60z1v3lsmyKCQJBGTiaXssaZVpbdB2nR3aZ4O9DX43Gfy8uuaNI1EBvQkX1xzcRncdEQrQhAmHg3sxGusLUY_A7sJUfr6W2Pp81Kj7V91NZs5InlyqTGykWCeo4GxaO_ijDcmN7H5gLhZ4oRcFME6fzEMQTJy6cvLGLfLxPyvL30pawahbg9_K-LU5fqqWupQVZBTAWZSwVrEAwaJKcEXj3uB_Vf8F9TcbVrQCAAA,32946689,Links Images GIS Viewer Completion,08,CRESPI E30E (62059),5H,"PIONEER NATURAL RES. USA, INC.(665748)",MIDLAND,Submitted: 11/30/2023 Approved: 01/05/2024,895612,Horizontal,New Drill,N,10605,data/plat_files/5H/32946689.tif
32946688,https://rrcsearch3.neubus.com/esd3-rrc/api.php?function=GetImage&api_no=32946688&rrcActionMan=H4sIAAAAAAAAAM1Qy2rDMBD8Gvdo9LBCc9iDCem5SUNzMDkotnAEtmVWch-gj-_KIdA6PZdelp3ZYZidyBkDETnjwB8Q67IO1g37GpuKnWDm381Zj6MXOZ3zYD60z1v3lsmyKCQJBGTiaXssaZVpbdB2nR3aZ4O9DX43Gfy8uuaNI1EBvQkX1xzcRncdEQrQhAmHg3sxGusLUY_A7sJUfr6W2Pp81Kj7V91NZs5InlyqTGykWCeo4GxaO_ijDcmN7H5gLhZ4oRcFME6fzEMQTJy6cvLGLfLxPyvL30pawahbg9_K-LU5fqqWupQVZBTAWZSwVrEAwaJKcEXj3uB_Vf8F9TcbVrQCAAA,32946688,Links Images GIS Viewer Completion,08,CRESPI E30F (61826),6H,"PIONEER NATURAL RES. USA, INC.(665748)",MIDLAND,Submitted: 11/30/2023 Approved: 01/04/2024,895611,Horizontal,New Drill,N,10605,data/plat_files/6H/32946688.tif
32946722,https://rrcsearch3.neubus.com/esd3-rrc/api.php?function=GetImage&api_no=32946722&rrcActionMan=H4sIAAAAAAAAAM1Qy2rDMBD8Gvdo9LBCc9iDCem5SUNzMDkotnAEtmVWch-gj-_KIdA6PZdelp3ZYZidyBkDETnjwB8Q67IO1g37GpuKnWDm381Zj6MXOZ3zYD60z1v3lsmyKCQJBGTiaXssaZVpbdB2nR3aZ4O9DX43Gfy8uuaNI1EBvQkX1xzcRncdEQrQhAmHg3sxGusLUY_A7sJUfr6W2Pp81Kj7V91NZs5InlyqTGykWCeo4GxaO_ijDcmN7H5gLhZ4oRcFME6fzEMQTJy6cvLGLfLxPyvL30pawahbg9_K-LU5fqqWupQVZBTAWZSwVrEAwaJKcEXj3uB_Vf8F9TcbVrQCAAA,32946722,Links Images GIS Viewer Completion,08,GUNS UP 2S (62083),219H,"PIONEER NATURAL RES. USA, INC.(665748)",MIDLAND,Submitted: 12/05/2023 Approved: 01/09/2024,895696,Horizontal,New Drill,N,10546,data/plat_files/219H/32946722.tif
32946723,https://rrcsearch3.neubus.com/esd3-rrc/api.php?function=GetImage&api_no=32946723&rrcActionMan=H4sIAAAAAAAAAM1Qy2rDMBD8Gvdo9LBCc9iDCem5SUNzMDkotnAEtmVWch-gj-_KIdA6PZdelp3ZYZidyBkDETnjwB8Q67IO1g37GpuKnWDm381Zj6MXOZ3zYD60z1v3lsmyKCQJBGTiaXssaZVpbdB2nR3aZ4O9DX43Gfy8uuaNI1EBvQkX1xzcRncdEQrQhAmHg3sxGusLUY_A7sJUfr6W2Pp81Kj7V91NZs5InlyqTGykWCeo4GxaO_ijDcmN7H5gLhZ4oRcFME6fzEMQTJy6cvLGLfLxPyvL30pawahbg9_K-LU5fqqWupQVZBTAWZSwVrEAwaJKcEXj3uB_Vf8F9TcbVrQCAAA,32946723,Links Images GIS Viewer Completion,08,GUNS UP 2T (62361),220H,"PIONEER NATURAL RES. USA, INC.(665748)",MIDLAND,Submitted: 12/05/2023 Approved: 01/09/2024,895697,Horizontal,New Drill,N,10546,data/plat_files/220H/32946723.tif
32946721,https://rrcsearch3.neubus.com/esd3-rrc/api.php?function=GetImage&api_no=32946721&rrcActionMan=H4sIAAAAAAAAAM1Qy2rDMBD8Gvdo9LBCc9iDCem5SUNzMDkotnAEtmVWch-gj-_KIdA6PZdelp3ZYZidyBkDETnjwB8Q67IO1g37GpuKnWDm381Zj6MXOZ3zYD60z1v3lsmyKCQJBGTiaXssaZVpbdB2nR3aZ4O9DX43Gfy8uuaNI1EBvQkX1xzcRncdEQrQhAmHg3sxGusLUY_A7sJUfr6W2Pp81Kj7V91NZs5InlyqTGykWCeo4GxaO_ijDcmN7H5gLhZ4oRcFME6fzEMQTJy6cvLGLfLxPyvL30pawahbg9_K-LU5fqqWupQVZBTAWZSwVrEAwaJKcEXj3uB_Vf8F9TcbVrQCAAA,32946721,Links Images GIS Viewer Completion,08,GUNS UP 2W (62368),223H,"PIONEER NATURAL RES. USA, INC.(665748)",MIDLAND,Submitted: 12/05/2023 Approved: 01/09/2024,895698,Horizontal,New Drill,N,10546,data/plat_files/223H/32946721.tif
32946706,https://rrcsearch3.neubus.com/esd3-rrc/api.php?function=GetImage&api_no=32946706&rrcActionMan=H4sIAAAAAAAAAM1Qy2rDMBD8Gvdo9LBCc9iDCem5SUNzMDkotnAEtmVWch-gj-_KIdA6PZdelp3ZYZidyBkDETnjwB8Q67IO1g37GpuKnWDm381Zj6MXOZ3zYD60z1v3lsmyKCQJBGTiaXssaZVpbdB2nR3aZ4O9DX43Gfy8uuaNI1EBvQkX1xzcRncdEQrQhAmHg3sxGusLUY_A7sJUfr6W2Pp81Kj7V91NZs5InlyqTGykWCeo4GxaO_ijDcmN7H5gLhZ4oRcFME6fzEMQTJy6cvLGLfLxPyvL30pawahbg9_K-LU5fqqWupQVZBTAWZSwVrEAwaJKcEXj3uB_Vf8F9TcbVrQCAAA,32946706,Links Images GIS Viewer Completion,08,DONOVAN 2F (61953),106H,"PIONEER NATURAL RES. USA, INC.(665748)",MIDLAND,Submitted: 12/05/2023 Approved: 01/10/2024,895722,Horizontal,New Drill,N,10546,data/plat_files/106H/32946706.tif
32946707,https://rrcsearch3.neubus.com/esd3-rrc/api.php?function=GetImage&api_no=32946707&rrcActionMan=H4sIAAAAAAAAAM1Qy2rDMBD8Gvdo9LBCc9iDCem5SUNzMDkotnAEtmVWch-gj-_KIdA6PZdelp3ZYZidyBkDETnjwB8Q67IO1g37GpuKnWDm381Zj6MXOZ3zYD60z1v3lsmyKCQJBGTiaXssaZVpbdB2nR3aZ4O9DX43Gfy8uuaNI1EBvQkX1xzcRncdEQrQhAmHg3sxGusLUY_A7sJUfr6W2Pp81Kj7V91NZs5InlyqTGykWCeo4GxaO_ijDcmN7H5gLhZ4oRcFME6fzEMQTJy6cvLGLfLxPyvL30pawahbg9_K-LU5fqqWupQVZBTAWZSwVrEAwaJKcEXj3uB_Vf8F9TcbVrQCAAA,32946707,Links Images GIS Viewer Completion,08,DONOVAN 2G (62082),107H,"PIONEER NATURAL RES. USA, INC.(665748)",MIDLAND,Submitted: 12/05/2023 Approved: 01/10/2024,895724,Horizontal,New Drill,N,10546,data/plat_files/107H/32946707.tif
32946355,https://rrcsearch3.neubus.com/esd3-rrc/api.php?function=GetImage&api_no=32946355&rrcActionMan=H4sIAAAAAAAAAM1Qy2rDMBD8Gvdo9LBCc9iDCem5SUNzMDkotnAEtmVWch-gj-_KIdA6PZdelp3ZYZidyBkDETnjwB8Q67IO1g37GpuKnWDm381Zj6MXOZ3zYD60z1v3lsmyKCQJBGTiaXssaZVpbdB2nR3aZ4O9DX43Gfy8uuaNI1EBvQkX1xzcRncdEQrQhAmHg3sxGusLUY_A7sJUfr6W2Pp81Kj7V91NZs5InlyqTGykWCeo4GxaO_ijDcmN7H5gLhZ4oRcFME6fzEMQTJy6cvLGLfLxPyvL30pawahbg9_K-LU5fqqWupQVZBTAWZSwVrEAwaJKcEXj3uB_Vf8F9TcbVrQCAAA,32946355,Links Images GIS Viewer Completion,08,ONEAL-ANNIE 15M (60601),13H,"PIONEER NATURAL RES. USA, INC.(665748)",MIDLAND,Submitted: 12/05/2023 Approved: 01/09/2024,890753,Horizontal,New Drill,Y,9530,data/plat_files/13H/32946355.tif
32946708,https://rrcsearch3.neubus.com/esd3-rrc/api.php?function=GetImage&api_no=32946708&rrcActionMan=H4sIAAAAAAAAAM1Qy2rDMBD8mvRo9AzNYQ8mpOc-QnMwOSi2cAS2ZVZyH6CP78oh0Do9l16WndlhmJ3EGQOROOPA7xDrso7OD881NhU7wsy_25MZxyAKOhfRfphQtP5tJUulJAkErMTD7lDSKvPaoOs6N7SPFnsXw9Nk8fPiWjSeRAp6G8--2fut6ToiNKCNEw57_2IN1mei7oHdhKnCfC2xDcVo0PSvppvsnJE8udQrsZVik6GGk23dEA4uZjey-4G5WOCFXihgnD6ZhyCYOX3h5JVb5ON_Vla4lrSG0bQWv5Xxa3P8WC11OSuoJICzJGGjkwLJks5wTePW4H9V_wV8z4R8tAIAAA,32946708,Links Images GIS Viewer Completion,08,DONOVAN 2H (62204),108H,"PIONEER NATURAL RES. USA, INC.(665748)",MIDLAND,Submitted: 12/05/2023 Approved: 01/10/2024,895725,Horizontal,New Drill,N,10546,data/plat_files/108H/32946708.tif
32946709,https://rrcsearch3.neubus.com/esd3-rrc/api.php?function=GetImage&api_no=32946709&rrcActionMan=H4sIAAAAAAAAAM1Qy2rDMBD8mvRo9AzNYQ8mpOc-QnMwOSi2cAS2ZVZyH6CP78oh0Do9l16WndlhmJ3EGQOROOPA7xDrso7OD881NhU7wsy_25MZxyAKOhfRfphQtP5tJUulJAkErMTD7lDSKvPaoOs6N7SPFnsXw9Nk8fPiWjSeRAp6G8--2fut6ToiNKCNEw57_2IN1mei7oHdhKnCfC2xDcVo0PSvppvsnJE8udQrsZVik6GGk23dEA4uZjey-4G5WOCFXihgnD6ZhyCYOX3h5JVb5ON_Vla4lrSG0bQWv5Xxa3P8WC11OSuoJICzJGGjkwLJks5wTePW4H9V_wV8z4R8tAIAAA,32946709,Links Images GIS Viewer Completion,08,DONOVAN 2I (62365),109H,"PIONEER NATURAL RES. USA, INC.(665748)",MIDLAND,Submitted: 12/05/2023 Approved: 01/10/2024,895726,Horizontal,New Drill,N,10546,data/plat_files/109H/32946709.tif
32946720,https://rrcsearch3.neubus.com/esd3-rrc/api.php?function=GetImage&api_no=32946720&rrcActionMan=H4sIAAAAAAAAAM1Qy2rDMBD8mvRo9AzNYQ8mpOc-QnMwOSi2cAS2ZVZyH6CP78oh0Do9l16WndlhmJ3EGQOROOPA7xDrso7OD881NhU7wsy_25MZxyAKOhfRfphQtP5tJUulJAkErMTD7lDSKvPaoOs6N7SPFnsXw9Nk8fPiWjSeRAp6G8--2fut6ToiNKCNEw57_2IN1mei7oHdhKnCfC2xDcVo0PSvppvsnJE8udQrsZVik6GGk23dEA4uZjey-4G5WOCFXihgnD6ZhyCYOX3h5JVb5ON_Vla4lrSG0bQWv5Xxa3P8WC11OSuoJICzJGGjkwLJks5wTePW4H9V_wV8z4R8tAIAAA,32946720,Links Images GIS Viewer Completion,08,DONOVAN 2J (62056),110H,"PIONEER NATURAL RES. USA, INC.(665748)",MIDLAND,Submitted: 12/05/2023 Approved: 01/10/2024,895727,Horizontal,New Drill,N,10546,data/plat_files/110H/32946720.tif
32946710,https://rrcsearch3.neubus.com/esd3-rrc/api.php?function=GetImage&api_no=32946710&rrcActionMan=H4sIAAAAAAAAAM1Qy2rDMBD8mvRo9AzNYQ8mpOc-QnMwOSi2cAS2ZVZyH6CP78oh0Do9l16WndlhmJ3EGQOROOPA7xDrso7OD881NhU7wsy_25MZxyAKOhfRfphQtP5tJUulJAkErMTD7lDSKvPaoOs6N7SPFnsXw9Nk8fPiWjSeRAp6G8--2fut6ToiNKCNEw57_2IN1mei7oHdhKnCfC2xDcVo0PSvppvsnJE8udQrsZVik6GGk23dEA4uZjey-4G5WOCFXihgnD6ZhyCYOX3h5JVb5ON_Vla4lrSG0bQWv5Xxa3P8WC11OSuoJICzJGGjkwLJks5wTePW4H9V_wV8z4R8tAIAAA,32946710,Links Images GIS Viewer Completion,08,DONOVAN 2N (61904),114H,"PIONEER NATURAL RES. USA, INC.(665748)",MIDLAND,Submitted: 12/05/2023 Approved: 01/10/2024,895729,Horizontal,New Drill,N,10546,data/plat_files/114H/32946710.tif
32946711,https://rrcsearch3.neubus.com/esd3-rrc/api.php?function=GetImage&api_no=32946711&rrcActionMan=H4sIAAAAAAAAAM1Qy2rDMBD8mvRo9AzNYQ8mpOc-QnMwOSi2cAS2ZVZyH6CP78oh0Do9l16WndlhmJ3EGQOROOPA7xDrso7OD881NhU7wsy_25MZxyAKOhfRfphQtP5tJUulJAkErMTD7lDSKvPaoOs6N7SPFnsXw9Nk8fPiWjSeRAp6G8--2fut6ToiNKCNEw57_2IN1mei7oHdhKnCfC2xDcVo0PSvppvsnJE8udQrsZVik6GGk23dEA4uZjey-4G5WOCFXihgnD6ZhyCYOX3h5JVb5ON_Vla4lrSG0bQWv5Xxa3P8WC11OSuoJICzJGGjkwLJks5wTePW4H9V_wV8z4R8tAIAAA,32946711,Links Images GIS Viewer Completion,08,DONOVAN 2R (62176),118H,"PIONEER NATURAL RES. USA, INC.(665748)",MIDLAND,Submitted: 12/05/2023 Approved: 01/10/2024,895730,Horizontal,New Drill,N,10546,data/plat_files/118H/32946711.tif
32946712,https://rrcsearch3.neubus.com/esd3-rrc/api.php?function=GetImage&api_no=32946712&rrcActionMan=H4sIAAAAAAAAAM1Qy2rDMBD8mvRo9AzNYQ8mpOc-QnMwOSi2cAS2ZVZyH6CP78oh0Do9l16WndlhmJ3EGQOROOPA7xDrso7OD881NhU7wsy_25MZxyAKOhfRfphQtP5tJUulJAkErMTD7lDSKvPaoOs6N7SPFnsXw9Nk8fPiWjSeRAp6G8--2fut6ToiNKCNEw57_2IN1mei7oHdhKnCfC2xDcVo0PSvppvsnJE8udQrsZVik6GGk23dEA4uZjey-4G5WOCFXihgnD6ZhyCYOX3h5JVb5ON_Vla4lrSG0bQWv5Xxa3P8WC11OSuoJICzJGGjkwLJks5wTePW4H9V_wV8z4R8tAIAAA,32946712,Links Images GIS Viewer Completion,08,DONOVAN 2U (62367),121H,"PIONEER NATURAL RES. USA, INC.(665748)",MIDLAND,Submitted: 12/05/2023 Approved: 01/10/2024,895731,Horizontal,New Drill,N,10546,data/plat_files/121H/32946712.tif
32946719,https://rrcsearch3.neubus.com/esd3-rrc/api.php?function=GetImage&api_no=32946719&rrcActionMan=H4sIAAAAAAAAAM1Qy2rDMBD8mvRo9AzNYQ8mpOc-QnMwOSi2cAS2ZVZyH6CP78oh0Do9l16WndlhmJ3EGQOROOPA7xDrso7OD881NhU7wsy_25MZxyAKOhfRfphQtP5tJUulJAkErMTD7lDSKvPaoOs6N7SPFnsXw9Nk8fPiWjSeRAp6G8--2fut6ToiNKCNEw57_2IN1mei7oHdhKnCfC2xDcVo0PSvppvsnJE8udQrsZVik6GGk23dEA4uZjey-4G5WOCFXihgnD6ZhyCYOX3h5JVb5ON_Vla4lrSG0bQWv5Xxa3P8WC11OSuoJICzJGGjkwLJks5wTePW4H9V_wV8z4R8tAIAAA,32946719,Links Images GIS Viewer Completion,08,DONOVAN 2A (62094),101H,"PIONEER NATURAL RES. USA, INC.(665748)",MIDLAND,Submitted: 12/05/2023 Approved: 01/10/2024,895732,Horizontal,New Drill,N,10546,data/plat_files/101H/32946719.tif
32946713,https://rrcsearch3.neubus.com/esd3-rrc/api.php?function=GetImage&api_no=32946713&rrcActionMan=H4sIAAAAAAAAAM1Qy2rDMBD8mvRo9AzNYQ8mpOc-QnMwOSi2cAS2ZVZyH6CP78oh0Do9l16WndlhmJ3EGQOROOPA7xDrso7OD881NhU7wsy_25MZxyAKOhfRfphQtP5tJUulJAkErMTD7lDSKvPaoOs6N7SPFnsXw9Nk8fPiWjSeRAp6G8--2fut6ToiNKCNEw57_2IN1mei7oHdhKnCfC2xDcVo0PSvppvsnJE8udQrsZVik6GGk23dEA4uZjey-4G5WOCFXihgnD6ZhyCYOX3h5JVb5ON_Vla4lrSG0bQWv5Xxa3P8WC11OSuoJICzJGGjkwLJks5wTePW4H9V_wV8z4R8tAIAAA,32946713,Links Images GIS Viewer Completion,08,DONOVAN 2C (61799),103H,"PIONEER NATURAL RES. USA, INC.(665748)",MIDLAND,Submitted: 12/05/2023 Approved: 01/10/2024,895733,Horizontal,New Drill,N,10546,data/plat_files/103H/32946713.tif
32946714,https://rrcsearch3.neubus.com/esd3-rrc/api.php?function=GetImage&api_no=32946714&rrcActionMan=H4sIAAAAAAAAAM1Qy2rDMBD8mvRo9AzNYQ8mpOc-QnMwOSi2cAS2ZVZyH6CP78oh0Do9l16WndlhmJ3EGQOROOPA7xDrso7OD881NhU7wsy_25MZxyAKOhfRfphQtP5tJUulJAkErMTD7lDSKvPaoOs6N7SPFnsXw9Nk8fPiWjSeRAp6G8--2fut6ToiNKCNEw57_2IN1mei7oHdhKnCfC2xDcVo0PSvppvsnJE8udQrsZVik6GGk23dEA4uZjey-4G5WOCFXihgnD6ZhyCYOX3h5JVb5ON_Vla4lrSG0bQWv5Xxa3P8WC11OSuoJICzJGGjkwLJks5wTePW4H9V_wV8z4R8tAIAAA,32946714,Links Images GIS Viewer Completion,08,DONOVAN 2D (61764),104H,"PIONEER NATURAL RES. USA, INC.(665748)",MIDLAND,Submitted: 12/05/2023 Approved: 01/10/2024,895734,Horizontal,New Drill,N,10546,data/plat_files/104H/32946714.tif
32946715,https://rrcsearch3.neubus.com/esd3-rrc/api.php?function=GetImage&api_no=32946715&rrcActionMan=H4sIAAAAAAAAAM1Qy2rDMBD8mvRo9AzNYQ8mpOc-QnMwOSi2cAS2ZVZyH6CP78oh0Do9l16WndlhmJ3EGQOROOPA7xDrso7OD881NhU7wsy_25MZxyAKOhfRfphQtP5tJUulJAkErMTD7lDSKvPaoOs6N7SPFnsXw9Nk8fPiWjSeRAp6G8--2fut6ToiNKCNEw57_2IN1mei7oHdhKnCfC2xDcVo0PSvppvsnJE8udQrsZVik6GGk23dEA4uZjey-4G5WOCFXihgnD6ZhyCYOX3h5JVb5ON_Vla4lrSG0bQWv5Xxa3P8WC11OSuoJICzJGGjkwLJks5wTePW4H9V_wV8z4R8tAIAAA,32946715,Links Images GIS Viewer Completion,08,DONOVAN 2E (61938),105H,"PIONEER NATURAL RES. USA, INC.(665748)",MIDLAND,Submitted: 12/05/2023 Approved: 01/10/2024,895735,Horizontal,New Drill,N,10546,data/plat_files/105H/32946715.tif
32946716,https://rrcsearch3.neubus.com/esd3-rrc/api.php?function=GetImage&api_no=32946716&rrcActionMan=H4sIAAAAAAAAAM1Qy2rDMBD8mvRo9AzNYQ8mpOc-QnMwOSi2cAS2ZVZyH6CP78oh0Do9l16WndlhmJ3EGQOROOPA7xDrso7OD881NhU7wsy_25MZxyAKOhfRfphQtP5tJUulJAkErMTD7lDSKvPaoOs6N7SPFnsXw9Nk8fPiWjSeRAp6G8--2fut6ToiNKCNEw57_2IN1mei7oHdhKnCfC2xDcVo0PSvppvsnJE8udQrsZVik6GGk23dEA4uZjey-4G5WOCFXihgnD6ZhyCYOX3h5JVb5ON_Vla4lrSG0bQWv5Xxa3P8WC11OSvoJICzJGGjkwLFks5wTePW4H9V_wUaPCpgtAIAAA,32946716,Links Images GIS Viewer Completion,08,DONOVAN 2K (62170),111H,"PIONEER NATURAL RES. USA, INC.(665748)",MIDLAND,Submitted: 12/05/2023 Approved: 01/10/2024,895736,Horizontal,New Drill,N,10546,data/plat_files/111H/32946716.tif
32946717,https://rrcsearch3.neubus.com/esd3-rrc/api.php?function=GetImage&api_no=32946717&rrcActionMan=H4sIAAAAAAAAAM1Qy2rDMBD8mvRo9AzNYQ8mpOc-QnMwOSi2cAS2ZVZyH6CP78oh0Do9l16WndlhmJ3EGQOROOPA7xDrso7OD881NhU7wsy_25MZxyAKOhfRfphQtP5tJUulJAkErMTD7lDSKvPaoOs6N7SPFnsXw9Nk8fPiWjSeRAp6G8--2fut6ToiNKCNEw57_2IN1mei7oHdhKnCfC2xDcVo0PSvppvsnJE8udQrsZVik6GGk23dEA4uZjey-4G5WOCFXihgnD6ZhyCYOX3h5JVb5ON_Vla4lrSG0bQWv5Xxa3P8WC11OSvoJICzJGGjkwLFks5wTePW4H9V_wUaPCpgtAIAAA,32946717,Links Images GIS Viewer Completion,08,DONOVAN 2L (61903),112H,"PIONEER NATURAL RES. USA, INC.(665748)",MIDLAND,Submitted: 12/05/2023 Approved: 01/10/2024,895737,Horizontal,New Drill,N,10546,data/plat_files/112H/32946717.tif
32946718,https://rrcsearch3.neubus.com/esd3-rrc/api.php?function=GetImage&api_no=32946718&rrcActionMan=H4sIAAAAAAAAAM1Qy2rDMBD8mvRo9AzNYQ8mpOc-QnMwOSi2cAS2ZVZyH6CP78oh0Do9l16WndlhmJ3EGQOROOPA7xDrso7OD881NhU7wsy_25MZxyAKOhfRfphQtP5tJUulJAkErMTD7lDSKvPaoOs6N7SPFnsXw9Nk8fPiWjSeRAp6G8--2fut6ToiNKCNEw57_2IN1mei7oHdhKnCfC2xDcVo0PSvppvsnJE8udQrsZVik6GGk23dEA4uZjey-4G5WOCFXihgnD6ZhyCYOX3h5JVb5ON_Vla4lrSG0bQWv5Xxa3P8WC11OSvoJICzJGGjkwLFks5wTePW4H9V_wUaPCpgtAIAAA,32946718,Links Images GIS Viewer Completion,08,DONOVAN 2M (61981),113H,"PIONEER NATURAL RES. USA, INC.(665748)",MIDLAND,Submitted: 12/05/2023 Approved: 01/10/2024,895738,Horizontal,New Drill,N,10546,data/plat_files/113H/32946718.tif
32946724,https://rrcsearch3.neubus.com/esd3-rrc/api.php?function=GetImage&api_no=32946724&rrcActionMan=H4sIAAAAAAAAAM1Qy2rDMBD8mvRo9AzNYQ8mpOc-QnMwOSi2cAS2ZVZyH6CP78oh0Do9l16WndlhmJ3EGQOROOPA7xDrso7OD881NhU7wsy_25MZxyAKOhfRfphQtP5tJUulJAkErMTD7lDSKvPaoOs6N7SPFnsXw9Nk8fPiWjSeRAp6G8--2fut6ToiNKCNEw57_2IN1mei7oHdhKnCfC2xDcVo0PSvppvsnJE8udQrsZVik6GGk23dEA4uZjey-4G5WOCFXihgnD6ZhyCYOX3h5JVb5ON_Vla4lrSG0bQWv5Xxa3P8WC11OSvoJICzJGGjkwLFks5wTePW4H9V_wUaPCpgtAIAAA,32946724,Links Images GIS Viewer Completion,08,WTH 22-15 A (62599),316,ENDEAVOR ENERGY RESOURCES L.P.(251726),MIDLAND,Submitted: 12/06/2023 Approved: 01/10/2024,895756,Horizontal,New Drill,N,13000,data/plat_files/316/32946724.tif
32946733,https://rrcsearch3.neubus.com/esd3-rrc/api.php?function=GetImage&api_no=32946733&rrcActionMan=H4sIAAAAAAAAAM1Qy2rDMBD8mvRo9AzNYQ8mpOc-QnMwOSi2cAS2ZVZyH6CP78oh0Do9l16WndlhmJ3EGQOROOPA7xDrso7OD881NhU7wsy_25MZxyAKOhfRfphQtP5tJUulJAkErMTD7lDSKvPaoOs6N7SPFnsXw9Nk8fPiWjSeRAp6G8--2fut6ToiNKCNEw57_2IN1mei7oHdhKnCfC2xDcVo0PSvppvsnJE8udQrsZVik6GGk23dEA4uZjey-4G5WOCFXihgnD6ZhyCYOX3h5JVb5ON_Vla4lrSG0bQWv5Xxa3P8WC11OSvoJICzJGGjkwLFks5wTePW4H9V_wUaPCpgtAIAAA,32946733,Links Images GIS Viewer Completion,08,BUCHANAN W17A (62155),1H,"PIONEER NATURAL RES. USA, INC.(665748)",MIDLAND,Submitted: 12/08/2023 Approved: 01/25/2024,895838,Horizontal,New Drill,N,10300,data/plat_files/1H/32946733.tif
32946734,https://rrcsearch3.neubus.com/esd3-rrc/api.php?function=GetImage&api_no=32946734&rrcActionMan=H4sIAAAAAAAAAM1Qy2rDMBD8mvRo9AzNYQ8mpOc-QnMwOSi2cAS2ZVZyH6CP78oh0Do9l16WndlhmJ3EGQOROOPA7xDrso7OD881NhU7wsy_25MZxyAKOhfRfphQtP5tJUulJAkErMTD7lDSKvPaoOs6N7SPFnsXw9Nk8fPiWjSeRAp6G8--2fut6ToiNKCNEw57_2IN1mei7oHdhKnCfC2xDcVo0PSvppvsnJE8udQrsZVik6GGk23dEA4uZjey-4G5WOCFXihgnD6ZhyCYOX3h5JVb5ON_Vla4lrSG0bQWv5Xxa3P8WC11OSvoJICzJGGjkwLFks5wTePW4H9V_wUaPCpgtAIAAA,32946734,Links Images GIS Viewer Completion,08,BUCHANAN W17B (62168),2H,"PIONEER NATURAL RES. USA, INC.(665748)",MIDLAND,Submitted: 12/08/2023 Approved: 01/25/2024,895839,Horizontal,New Drill,N,10300,data/plat_files/2H/32946734.tif
32946735,https://rrcsearch3.neubus.com/esd3-rrc/api.php?function=GetImage&api_no=32946735&rrcActionMan=H4sIAAAAAAAAAM1Qy2rDMBD8mvRo9AzNYQ8mpOc-QnMwOSi2cAS2ZVZyH6CP78oh0Do9l16WndlhmJ3EGQOROOPA7xDrso7OD881NhU7wsy_25MZxyAKOhfRfphQtP5tJUulJAkErMTD7lDSKvPaoOs6N7SPFnsXw9Nk8fPiWjSeRAp6G8--2fut6ToiNKCNEw57_2IN1mei7oHdhKnCfC2xDcVo0PSvppvsnJE8udQrsZVik6GGk23dEA4uZjey-4G5WOCFXihgnD6ZhyCYOX3h5JVb5ON_Vla4lrSG0bQWv5Xxa3P8WC11OSvoJICzJGGjkwLFks5wTePW4H9V_wUaPCpgtAIAAA,32946735,Links Images GIS Viewer Completion,08,BUCHANAN W17C (62144),3H,"PIONEER NATURAL RES. USA, INC.(665748)",MIDLAND,Submitted: 12/08/2023 Approved: 01/25/2024,895840,Horizontal,New Drill,N,10300,data/plat_files/3H/32946735.tif
32946736,https://rrcsearch3.neubus.com/esd3-rrc/api.php?function=GetImage&api_no=32946736&rrcActionMan=H4sIAAAAAAAAAM1Qy2rDMBD8mvRo9AzNYQ8mpOc-QnMwOSi2cAS2ZVZyH6CP78oh0Do9l16WndlhmJ3EGQOROOPA7xDrso7OD881NhU7wsy_25MZxyAKOhfRfphQtP5tJUulJAkErMTD7lDSKvPaoOs6N7SPFnsXw9Nk8fPiWjSeRAp6G8--2fut6ToiNKCNEw57_2IN1mei7oHdhKnCfC2xDcVo0PSvppvsnJE8udQrsZVik6GGk23dEA4uZjey-4G5WOCFXihgnD6ZhyCYOX3h5JVb5ON_Vla4lrSG0bQWv5Xxa3P8WC11OSvoJICzJGGjkwLFks5wTePW4H9V_wUaPCpgtAIAAA,32946736,Links Images GIS Viewer Completion,08,BUCHANAN W17D (62154),4H,"PIONEER NATURAL RES. USA, INC.(665748)",MIDLAND,Submitted: 12/08/2023 Approved: 01/25/2024,895841,Horizontal,New Drill,N,10300,data/plat_files/4H/32946736.tif
32946737,https://rrcsearch3.neubus.com/esd3-rrc/api.php?function=GetImage&api_no=32946737&rrcActionMan=H4sIAAAAAAAAAM1Qy2rDMBD8mvRo9AzNYQ8mpOc-QnMwOSi2cAS2ZVZyH6CP78oh0Do9l16WndlhmJ3EGQOROOPA7xDrso7OD881NhU7wsy_25MZxyAKOhfRfphQtP5tJUulJAkErMTD7lDSKvPaoOs6N7SPFnsXw9Nk8fPiWjSeRAp6G8--2fut6ToiNKCNEw57_2IN1mei7oHdhKnCfC2xDcVo0PSvppvsnJE8udQrsZVik6GGk23dEA4uZjey-4G5WOCFXihgnD6ZhyCYOX3h5JVb5ON_Vla4lrSG0bQWv5Xxa3P8WC11OSvoJICzJGGjkwLFks5wTePW4H9V_wUaPCpgtAIAAA,32946737,Links Images GIS Viewer Completion,08,BUCHANAN W17E (62167),5H,"PIONEER NATURAL RES. USA, INC.(665748)",MIDLAND,Submitted: 12/08/2023 Approved: 01/25/2024,895842,Horizontal,New Drill,N,10300,data/plat_files/5H/32946737.tif
32946738,https://rrcsearch3.neubus.com/esd3-rrc/api.php?function=GetImage&api_no=32946738&rrcActionMan=H4sIAAAAAAAAAM1Qy2rDMBD8mvRo9AzNYQ8mpOc-QnMwOSi2cAS2ZVZyH6CP78oh0Do9l16WndlhmJ3EGQOROOPA7xDrso7OD881NhU7wsy_25MZxyAKOhfRfphQtP5tJUulJAkErMTD7lDSKvPaoOs6N7SPFnsXw9Nk8fPiWjSeRAp6G8--2fut6ToiNKCNEw57_2IN1mei7oHdhKnCfC2xDcVo0PSvppvsnJE8udQrsZVik6GGk23dEA4uZjey-4G5WOCFXihgnD6ZhyCYOX3h5JVb5ON_Vla4lrSG0bQWv5Xxa3P8WC11OSvoJICzJGGjkwLFks5wTePW4H9V_wUaPCpgtAIAAA,32946738,Links Images GIS Viewer Completion,08,BUCHANAN C17F (62157),6H,"PIONEER NATURAL RES. USA, INC.(665748)",MIDLAND,Submitted: 12/08/2023 Approved: 01/25/2024,895843,Horizontal,New Drill,N,10300,data/plat_files/6H/32946738.tif
32946739,https://rrcsearch3.neubus.com/esd3-rrc/api.php?function=GetImage&api_no=32946739&rrcActionMan=H4sIAAAAAAAAAM1Qy2rDMBD8Gvdo9LBMc9iDCem5j9AcTA6KLRyBbZmV3Afo47tyCLROz6WXZWd2GGYncsZARM448DvEpmqCdeNzg23NjrDw7-akp8mLnM55MB_a5517y2RVFJIEAjLxsDtUtMq0tmj73o7do8HBBv80G_y8uOatI1EBgwln1-7dVvc9EQrQhBnHvXsxGpszUffAbsLUfrlW2Pl80qiHV93PZslInlyqTGyl2CSo4GQ6O_qDDcmN7H5gLlZ4pRcFME6fLEMQTJy6cPLKrfLxPyvLX0sqYdKdwW9l_NocP9ZrXcoKZRTAWZSwUbEAxaJKsKRxa_C_qv8C1JXPrLQCAAA,32946739,Links Images GIS Viewer Completion,08,BUCHANAN C17G (62196),7H,"PIONEER NATURAL RES. USA, INC.(665748)",MIDLAND,Submitted: 12/08/2023 Approved: 01/25/2024,895844,Horizontal,New Drill,N,10300,data/plat_files/7H/32946739.tif
32946740,https://rrcsearch3.neubus.com/esd3-rrc/api.php?function=GetImage&api_no=32946740&rrcActionMan=H4sIAAAAAAAAAM1Qy2rDMBD8Gvdo9LBMc9iDCem5j9AcTA6KLRyBbZmV3Afo47tyCLROz6WXZWd2GGYncsZARM448DvEpmqCdeNzg23NjrDw7-akp8mLnM55MB_a5517y2RVFJIEAjLxsDtUtMq0tmj73o7do8HBBv80G_y8uOatI1EBgwln1-7dVvc9EQrQhBnHvXsxGpszUffAbsLUfrlW2Pl80qiHV93PZslInlyqTGyl2CSo4GQ6O_qDDcmN7H5gLlZ4pRcFME6fLEMQTJy6cPLKrfLxPyvLX0sqYdKdwW9l_NocP9ZrXcoKZRTAWZSwUbEAxaJKsKRxa_C_qv8C1JXPrLQCAAA,32946740,Links Images GIS Viewer Completion,08,BUCHANAN C17H (62241),8H,"PIONEER NATURAL RES. USA, INC.(665748)",MIDLAND,Submitted: 12/08/2023 Approved: 01/10/2024,895845,Horizontal,New Drill,N,10300,data/plat_files/8H/32946740.tif
32944998,https://rrcsearch3.neubus.com/esd3-rrc/api.php?function=GetImage&api_no=32944998&rrcActionMan=H4sIAAAAAAAAAM1Qy2rDMBD8Gvdo9LBMc9iDCem5j9AcTA6KLRyBbZmV3Afo47tyCLROz6WXZWd2GGYncsZARM448DvEpmqCdeNzg23NjrDw7-akp8mLnM55MB_a5517y2RVFJIEAjLxsDtUtMq0tmj73o7do8HBBv80G_y8uOatI1EBgwln1-7dVvc9EQrQhBnHvXsxGpszUffAbsLUfrlW2Pl80qiHV93PZslInlyqTGyl2CSo4GQ6O_qDDcmN7H5gLlZ4pRcFME6fLEMQTJy6cPLKrfLxPyvLX0sqYdKdwW9l_NocP9ZrXcoKZRTAWZSwUbEAxaJKsKRxa_C_qv8C1JXPrLQCAAA,32944998,Links Images GIS Viewer Completion,08,MB (58284),10H,FIREBIRD ENERGY II LLC(101413),MIDLAND,Submitted: 12/13/2023 Approved: 01/11/2024,870552,Horizontal,New Drill,Y,10000,data/plat_files/10H/32944998.tif
32944999,https://rrcsearch3.neubus.com/esd3-rrc/api.php?function=GetImage&api_no=32944999&rrcActionMan=H4sIAAAAAAAAAM1Qy2rDMBD8Gvdo9LBMc9iDCem5j9AcTA6KLRyBbZmV3Afo47tyCLROz6WXZWd2GGYncsZARM448DvEpmqCdeNzg23NjrDw7-akp8mLnM55MB_a5517y2RVFJIEAjLxsDtUtMq0tmj73o7do8HBBv80G_y8uOatI1EBgwln1-7dVvc9EQrQhBnHvXsxGpszUffAbsLUfrlW2Pl80qiHV93PZslInlyqTGyl2CSo4GQ6O_qDDcmN7H5gLlZ4pRcFME6fLEMQTJy6cPLKrfLxPyvLX0sqYdKdwW9l_NocP9ZrXcoKZRTAWZSwUbEAxaJKsKRxa_C_qv8C1JXPrLQCAAA,32944999,Links Images GIS Viewer Completion,08,MB (58284),11H,FIREBIRD ENERGY II LLC(101413),MIDLAND,Submitted: 12/13/2023 Approved: 01/11/2024,870555,Horizontal,New Drill,Y,11000,data/plat_files/11H/32944999.tif
32946195,https://rrcsearch3.neubus.com/esd3-rrc/api.php?function=GetImage&api_no=32946195&rrcActionMan=H4sIAAAAAAAAAM1Qy2rDMBD8Gvdo9LBMc9iDCem5j9AcTA6KLRyBbZmV3Afo47tyCLROz6WXZWd2GGYncsZARM448DvEpmqCdeNzg23NjrDw7-akp8mLnM55MB_a5517y2RVFJIEAjLxsDtUtMq0tmj73o7do8HBBv80G_y8uOatI1EBgwln1-7dVvc9EQrQhBnHvXsxGpszUffAbsLUfrlW2Pl80qiHV93PZslInlyqTGyl2CSo4GQ6O_qDDcmN7H5gLlZ4pRcFME6fLEMQTJy6cPLKrfLxPyvLX0sqYdKdwW9l_NocP9ZrXcoKZRTAWZSwUbEAxaJKsKRxa_C_qv8C1JXPrLQCAAA,32946195,Links Images GIS Viewer Completion,08,LELA 7-18 D,142,ENDEAVOR ENERGY RESOURCES L.P.(251726),MIDLAND,Submitted: 12/14/2023 Approved: 01/25/2024,889063,Horizontal,New Drill,Y,11000,data/plat_files/142/32946195.tif
32946744,https://rrcsearch3.neubus.com/esd3-rrc/api.php?function=GetImage&api_no=32946744&rrcActionMan=H4sIAAAAAAAAAM1Qy2rDMBD8Gvdo9LBMc9iDCem5j9AcTA6KLRyBbZmV3Afo47tyCLROz6WXZWd2GGYncsZARM448DvEpmqCdeNzg23NjrDw7-akp8mLnM55MB_a5517y2RVFJIEAjLxsDtUtMq0tmj73o7do8HBBv80G_y8uOatI1EBgwln1-7dVvc9EQrQhBnHvXsxGpszUffAbsLUfrlW2Pl80qiHV93PZslInlyqTGyl2CSo4GQ6O_qDDcmN7H5gLlZ4pRcFME6fLEMQTJy6cPLKrfLxPyvLX0sqYdKdwW9l_NocP9ZrXcoKZRTAWZSwUbEAxaJKsKRxa_C_qv8C1JXPrLQCAAA,32946744,Links Images GIS Viewer Completion,08,WTH 10-3 D (51656),243,ENDEAVOR ENERGY RESOURCES L.P.(251726),MIDLAND,Submitted: 12/14/2023 Approved: 01/10/2024,895918,Horizontal,New Drill,N,13000,data/plat_files/243/32946744.tif
32944996,https://rrcsearch3.neubus.com/esd3-rrc/api.php?function=GetImage&api_no=32944996&rrcActionMan=H4sIAAAAAAAAAM1Qy2rDMBD8Gvdo9LBMc9iDCem5j9AcTA6KLRyBbZmV3Afo47tyCLROz6WXZWd2GGYncsZARM448DvEpmqCdeNzg23NjrDw7-akp8mLnM55MB_a5517y2RVFJIEAjLxsDtUtMq0tmj73o7do8HBBv80G_y8uOatI1EBgwln1-7dVvc9EQrQhBnHvXsxGpszUffAbsLUfrlW2Pl80qiHV93PZslInlyqTGyl2CSo4GQ6O_qDDcmN7H5gLlZ4pRcFME6fLEMQTJy6cPLKrfLxPyvLX0sqYdKdwW9l_NocP9ZrXcoKZRTAWZSwUbEAxaJKsKRxa_C_qv8C1JXPrLQCAAA,32944996,Links Images GIS Viewer Completion,08,MB (58284),8H,FIREBIRD ENERGY II LLC(101413),MIDLAND,Submitted: 12/15/2023 Approved: 01/25/2024,870549,Horizontal,New Drill,Y,10000,data/plat_files/8H/32944996.tif
32944997,https://rrcsearch3.neubus.com/esd3-rrc/api.php?function=GetImage&api_no=32944997&rrcActionMan=H4sIAAAAAAAAAM1Qy2rDMBD8Gvdo9LBMc9iDCem5j9AcTA6KLRyBbZmV3Afo47tyCLROz6WXZWd2GGYncsZARM448DvEpmqCdeNzg23NjrDw7-akp8mLnM55MB_a5517y2RVFJIEAjLxsDtUtMq0tmj73o7do8HBBv80G_y8uOatI1EBgwln1-7dVvc9EQrQhBnHvXsxGpszUffAbsLUfrlW2Pl80qiHV93PZslInlyqTGyl2CSo4GQ6O_qDDcmN7H5gLlZ4pRcFME6fLEMQTJy6cPLKrfLxPyvLX0sqYdKdwW9l_NocP9ZrXcoKZRTAWZSwUbEAxaJKsKRxa_C_qv8C1JXPrLQCAAA,32944997,Links Images GIS Viewer Completion,08,MB (58284),9H,FIREBIRD ENERGY II LLC(101413),MIDLAND,Submitted: 12/15/2023 Approved: 01/25/2024,870550,Horizontal,New Drill,Y,10000,data/plat_files/9H/32944997.tif
32945000,https://rrcsearch3.neubus.com/esd3-rrc/api.php?function=GetImage&api_no=32945000&rrcActionMan=H4sIAAAAAAAAAM1Qy2rDMBD8Gvdo9LBMc9iDCem5j9AcTA6KLRyBbZmV3Afo47tyCLROz6WXZWd2GGYncsZARM448DvEpmqCdeNzg23NjrDw7-akp8mLnM55MB_a5517y2RVFJIEAjLxsDtUtMq0tmj73o7do8HBBv80G_y8uOatI1EBgwln1-7dVvc9EQrQhBnHvXsxGpszUffAbsLUfrlW2Pl80qiHV93PZslInlyqTGyl2CSo4GQ6O_qDDcmN7H5gLlZ4pRcFME6fLEMQTJy6cPLKrfLxPyvLX0sqYdKdwW9l_NocP9ZrXcoKZRTAWZSwUbEAxaJKsKRxa_C_qv8C1JXPrLQCAAA,32945000,Links Images GIS Viewer Completion,08,MB (58284),12H,FIREBIRD ENERGY II LLC(101413),MIDLAND,Submitted: 12/15/2023 Approved: 01/25/2024,870556,Horizontal,New Drill,Y,9000,data/plat_files/12H/32945000.tif
32942691,https://rrcsearch3.neubus.com/esd3-rrc/api.php?function=GetImage&api_no=32942691&rrcActionMan=H4sIAAAAAAAAAM1Qy2rDMBD8Gvdo9LBMc9iDCem5j9AcTA6KLRyBbZmV3Afo47tyCLROz6WXZWd2GGYncsZARM448DvEpmqCdeNzg23NjrDw7-akp8mLnM55MB_a5517y2RVFJIEAjLxsDtUtMq0tmj73o7do8HBBv80G_y8uOatI1EBgwln1-7dVvc9EQrQhBnHvXsxGpszUffAbsLUfrlW2Pl80qiHV93PZslInlyqTGyl2CSo4GQ6O_qDDcmN7H5gLlZ4pRcFME6fLEMQTJy6cPLKrfLxPyvLX0sqYdKdwW9l_NocP9ZrXcoKZRTAWZSwUbEAxaJKsKRxa_C_qv8C1JXPrLQCAAA,32942691,Links Images GIS Viewer Completion,08,WTH 10-3 G (51698),272,ENDEAVOR ENERGY RESOURCES L.P.(251726),MIDLAND,Submitted: 12/18/2023 Approved: 01/22/2024,842404,Horizontal,New Drill,Y,11000,data/plat_files/272/32942691.tif
32942692,https://rrcsearch3.neubus.com/esd3-rrc/api.php?function=GetImage&api_no=32942692&rrcActionMan=H4sIAAAAAAAAAM1Qy2rDMBD8Gvdo9LDc5rAHE9pzH6E5mBwUWzgC2zIruQ_Qx3flEGidnksvy87sMMxO5IyBiJxx4DeITdUE68bnBtuaHWDh381RT5MXOZ3zYD60zzv3lsmqKCQJBGTi4X5f0SrT2qLtezt2jwYHG_zTbPDz7Jq3jkQFDCacXLtzW933RChAE2Ycd-7FaGxORN0BuwpT--VaYefzSaMeXnU_myUjeXKpMrGVYpOggqPp7Oj3NiQ3svuBuVjhlV4UwDh9sgxBMHHqzMkLt8rH_6wsfymphEl3Br-V8Wtz_FCvdSkr3EYBnEUJGxULKFlUCZY0rg3-V_VfgDjqxLQCAAA,32942692,Links Images GIS Viewer Completion,08,WTH 10-3 H (51745),281,ENDEAVOR ENERGY RESOURCES L.P.(251726),MIDLAND,Submitted: 12/18/2023 Approved: 01/22/2024,842405,Horizontal,New Drill,Y,11000,data/plat_files/281/32942692.tif
32942897,https://rrcsearch3.neubus.com/esd3-rrc/api.php?function=GetImage&api_no=32942897&rrcActionMan=H4sIAAAAAAAAAM1Qy2rDMBD8Gvdo9LDc5rAHE9pzH6E5mBwUWzgC2zIruQ_Qx3flEGidnksvy87sMMxO5IyBiJxx4DeITdUE68bnBtuaHWDh381RT5MXOZ3zYD60zzv3lsmqKCQJBGTi4X5f0SrT2qLtezt2jwYHG_zTbPDz7Jq3jkQFDCacXLtzW933RChAE2Ycd-7FaGxORN0BuwpT--VaYefzSaMeXnU_myUjeXKpMrGVYpOggqPp7Oj3NiQ3svuBuVjhlV4UwDh9sgxBMHHqzMkLt8rH_6wsfymphEl3Br-V8Wtz_FCvdSkr3EYBnEUJGxULKFlUCZY0rg3-V_VfgDjqxLQCAAA,32942897,Links Images GIS Viewer Completion,08,WTH 10-3 H (51745),282,ENDEAVOR ENERGY RESOURCES L.P.(251726),MIDLAND,Submitted: 12/18/2023 Approved: 01/23/2024,845184,Horizontal,New Drill,Y,11000,data/plat_files/282/32942897.tif
32944713,https://rrcsearch3.neubus.com/esd3-rrc/api.php?function=GetImage&api_no=32944713&rrcActionMan=H4sIAAAAAAAAAM1Qy2rDMBD8Gvdo9LDc5rAHE9pzH6E5mBwUWzgC2zIruQ_Qx3flEGidnksvy87sMMxO5IyBiJxx4DeITdUE68bnBtuaHWDh381RT5MXOZ3zYD60zzv3lsmqKCQJBGTi4X5f0SrT2qLtezt2jwYHG_zTbPDz7Jq3jkQFDCacXLtzW933RChAE2Ycd-7FaGxORN0BuwpT--VaYefzSaMeXnU_myUjeXKpMrGVYpOggqPp7Oj3NiQ3svuBuVjhlV4UwDh9sgxBMHHqzMkLt8rH_6wsfymphEl3Br-V8Wtz_FCvdSkr3EYBnEUJGxULKFlUCZY0rg3-V_VfgDjqxLQCAAA,32944713,Links Images GIS Viewer Completion,08,MBE (61355),2H,FIREBIRD ENERGY II LLC(101413),MIDLAND,Submitted: 12/20/2023 Approved: 01/25/2024,889786,Horizontal,New Drill,Y,10000,data/plat_files/2H/32944713.tif
13543836,https://rrcsearch3.neubus.com/esd3-rrc/api.php?function=GetImage&api_no=13543836&rrcActionMan=H4sIAAAAAAAAAM1Qy2rDMBD8Gvdo9LDc5rAHE9pzH6E5mBwUWzgC2zIruQ_Qx3flEGidnksvy87sMMxO5IyBiJxx4DeITdUE68bnBtuaHWDh381RT5MXOZ3zYD60zzv3lsmqKCQJBGTi4X5f0SrT2qLtezt2jwYHG_zTbPDz7Jq3jkQFDCacXLtzW933RChAE2Ycd-7FaGxORN0BuwpT--VaYefzSaMeXnU_myUjeXKpMrGVYpOggqPp7Oj3NiQ3svuBuVjhlV4UwDh9sgxBMHHqzMkLt8rH_6wsfymphEl3Br-V8Wtz_FCvdSkr3EYBnEUJGxULKFlUCZY0rg3-V_VfgDjqxLQCAAA,13543836,Links Images GIS Viewer Completion,08,WHITTENBURG (40025),6A,"EARTHSTONE OPERATING, LLC(238732)",ECTOR,Submitted: 12/28/2023 Approved: 01/04/2024,872271,Horizontal,New Drill,Y,10100,data/plat_files/6A/13543836.tif
32946700,https://rrcsearch3.neubus.com/esd3-rrc/api.php?function=GetImage&api_no=32946700&rrcActionMan=H4sIAAAAAAAAAM1Qy2rDMBD8Gvdo9LDc5rAHE9pzH6E5mBwUWzgC2zIruQ_Qx3flEGidnksvy87sMMxO5IyBiJxx4DeITdUE68bnBtuaHWDh381RT5MXOZ3zYD60zzv3lsmqKCQJBGTi4X5f0SrT2qLtezt2jwYHG_zTbPDz7Jq3jkQFDCacXLtzW933RChAE2Ycd-7FaGxORN0BuwpT--VaYefzSaMeXnU_myUjeXKpMrGVYpOggqPp7Oj3NiQ3svuBuVjhlV4UwDh9sgxBMHHqzMkLt8rH_6wsfymphEl3Br-V8Wtz_FCvdSkr3EYBnEUJGxULKFlUCZY0rg3-V_VfgDjqxLQCAAA,32946700,Links Images GIS Viewer Completion,08,MARION WEST A 36-25 (61407),6201H,"DE IV OPERATING, LLC(100168)",MIDLAND,Submitted: 12/28/2023 Approved: 01/30/2024,895651,Horizontal,New Drill,Y,10605,data/plat_files/6201H/32946700.tif
32946704,https://rrcsearch3.neubus.com/esd3-rrc/api.php?function=GetImage&api_no=32946704&rrcActionMan=H4sIAAAAAAAAAM1Qy2rDMBD8Gvdo9LDc5rAHE9pzH6E5mBwUWzgC2zIruQ_Qx3flEGidnksvy87sMMxO5IyBiJxx4DeITdUE68bnBtuaHWDh381RT5MXOZ3zYD60zzv3lsmqKCQJBGTi4X5f0SrT2qLtezt2jwYHG_zTbPDz7Jq3jkQFDCacXLtzW933RChAE2Ycd-7FaGxORN0BuwpT--VaYefzSaMeXnU_myUjeXKpMrGVYpOggqPp7Oj3NiQ3svuBuVjhlV4UwDh9sgxBMHHqzMkLt8rH_6wsfymphEl3Br-V8Wtz_FCvdSkr3EYBnEUJGxULKFlUCZY0rg3-V_VfgDjqxLQCAAA,32946704,Links Images GIS Viewer Completion,08,MARION WEST D 36-25 (61511),6204H,"DE IV OPERATING, LLC(100168)",MIDLAND,Submitted: 12/28/2023 Approved: 01/30/2024,895652,Horizontal,New Drill,Y,10605,data/plat_files/6204H/32946704.tif
32946705,https://rrcsearch3.neubus.com/esd3-rrc/api.php?function=GetImage&api_no=32946705&rrcActionMan=H4sIAAAAAAAAAM1Qy2rDMBD8Gvdo9LDc5rAHE9pzH6E5mBwUWzgC2zIruQ_Qx3flEGidnksvy87sMMxO5IyBiJxx4DeITdUE68bnBtuaHWDh381RT5MXOZ3zYD60zzv3lsmqKCQJBGTi4X5f0SrT2qLtezt2jwYHG_zTbPDz7Jq3jkQFDCacXLtzW933RChAE2Ycd-7FaGxORN0BuwpT--VaYefzSaMeXnU_myUjeXKpMrGVYpOggqPp7Oj3NiQ3svuBuVjhlV4UwDh9sgxBMHHqzMkLt8rH_6wsfymphEl3Br-V8Wtz_FCvdSkr3EYBnEUJGxULKFlUCZY0rg3-V_VfgDjqxLQCAAA,32946705,Links Images GIS Viewer Completion,08,MARION WEST G 36-25 (61383),6207H,"DE IV OPERATING, LLC(100168)",MIDLAND,Submitted: 12/28/2023 Approved: 01/30/2024,895653,Horizontal,New Drill,Y,10605,data/plat_files/6207H/32946705.tif
32946701,https://rrcsearch3.neubus.com/esd3-rrc/api.php?function=GetImage&api_no=32946701&rrcActionMan=H4sIAAAAAAAAAM1Qy2rDMBD8Gvdo9LDc5rAHE9pzH6E5mBwUWzgC2zIruQ_Qx3flEGidnksvy87sMMxO5IyBiJxx4DeITdUE68bnBtuaHWDh381RT5MXOZ3zYD60zzv3lsmqKCQJBGTi4X5f0SrT2qLtezt2jwYHG_zTbPDz7Jq3jkQFDCacXLtzW933RChAE2Ycd-7FaGxORN0BuwpT--VaYefzSaMeXnU_myUjeXKpMrGVYpOggqPp7Oj3NiQ3svuBuVjhlV4UwDh9sgxBMHHqzMkLt8rH_6wsfymphEl3Br-V8Wtz_FCvdSkr3EYBnEUJGxULKFlUCZY0rg3-V_VfgDjqxLQCAAA,32946701,Links Images GIS Viewer Completion,08,MARION EAST I 36-25 (61495),6209H,"DE IV OPERATING, LLC(100168)",MIDLAND,Submitted: 12/28/2023 Approved: 01/30/2024,895659,Horizontal,New Drill,Y,10605,data/plat_files/6209H/32946701.tif
32946702,https://rrcsearch3.neubus.com/esd3-rrc/api.php?function=GetImage&api_no=32946702&rrcActionMan=H4sIAAAAAAAAAM1Qy2rDMBD8Gvdo9LDc5rAHE9pzH6E5mBwUWzgC2zIruQ_Qx3flEGidnksvy87sMMxO5IyBiJxx4DeITdUE68bnBtuaHWDh381RT5MXOZ3zYD60zzv3lsmqKCQJBGTi4X5f0SrT2qLtezt2jwYHG_zTbPDz7Jq3jkQFDCacXLtzW933RChAE2Ycd-7FaGxORN0BuwpT--VaYefzSaMeXnU_myUjeXKpMrGVYpOggqPp7Oj3NiQ3svuBuVjhlV4UwDh9sgxBMHHqzMkLt8rH_6wsfymphEl3Br-V8Wtz_FCvdSkr3EYBnEUJGxULKFlUCZY0rg3-V_VfgDjqxLQCAAA,32946702,Links Images GIS Viewer Completion,08,MARION EAST L 36-25 (61494),6212H,"DE IV OPERATING, LLC(100168)",MIDLAND,Submitted: 12/28/2023 Approved: 01/30/2024,895661,Horizontal,New Drill,Y,10605,data/plat_files/6212H/32946702.tif
32946703,https://rrcsearch3.neubus.com/esd3-rrc/api.php?function=GetImage&api_no=32946703&rrcActionMan=H4sIAAAAAAAAAM1Qy2rDMBD8Gvdo9LDc5rAHE9pzH6E5mBwUWzgC2zIruQ_Qx3flEGidnksvy87sMMxO5IyBiJxx4DeITdUE68bnBtuaHWDh381RT5MXOZ3zYD60zzv3lsmqKCQJBGTi4X5f0SrT2qLtezt2jwYHG_zTbPDz7Jq3jkQFDCacXLtzW933RChAE2Ycd-7FaGxORN0BuwpT--VaYefzSaMeXnU_myUjeXKpMrGVYpOggqPp7Oj3NiQ3svuBuVjhlV4UwDh9sgxBMHHqzMkLt8rH_6wsfymphEl3Br-V8Wtz_FCvdSkr3EYBnEUJGxULKFlUCZY0rg3-V_VfgDjqxLQCAAA,32946703,Links Images GIS Viewer Completion,08,MARION EAST O 36-25 (61496),6215H,"DE IV OPERATING, LLC(100168)",MIDLAND,Submitted: 12/28/2023 Approved: 01/30/2024,895662,Horizontal,New Drill,Y,10605,data/plat_files/6215H/32946703.tif
32945225,https://rrcsearch3.neubus.com/esd3-rrc/api.php?function=GetImage&api_no=32945225&rrcActionMan=H4sIAAAAAAAAAM1Qy2rDMBD8Gvdo9LDS5LAHE9JzH6E5mBwUWzgC2zIruQ_Qx3flEGidnksvy87sMMxO5IyBiJxx4HeIdVkH64bnGpuKHWHm381Jj6MXOZ3zYD60z1v3lsmyKCQJBGTiYXcoaZVpbdB2nR3aR4O9Df5pMvh5cc0bR6ICehPOrtm7re46IhSgCRMOe_diNNZnotbAbsJUfr6W2Pp81Kj7V91NZs5InlyqTGyl2CSo4GRaO_iDDcmN7H5gLhZ4oRcFME6fzEMQTJy6cPLKLfLxPyvLX0tawahbg9_K-LU5fqyWupQV1lEAZ1HCRsUC7llUCa5o3Br8r-q_AMZk8Pm0AgAA,32945225,Links Images GIS Viewer Completion,08,NOBLES (39040),3025SH,XTO ENERGY INC.(945936),MIDLAND,Submitted: 01/02/2024 Approved: 01/08/2024,873337,Horizontal,New Drill,Y,9462,data/plat_files/3025SH/32945225.tif
32946761,https://rrcsearch3.neubus.com/esd3-rrc/api.php?function=GetImage&api_no=32946761&rrcActionMan=H4sIAAAAAAAAAM1Qy2rDMBD8Gvdo9LDS5LAHE9JzH6E5mBwUWzgC2zIruQ_Qx3flEGidnksvy87sMMxO5IyBiJxx4HeIdVkH64bnGpuKHWHm381Jj6MXOZ3zYD60z1v3lsmyKCQJBGTiYXcoaZVpbdB2nR3aR4O9Df5pMvh5cc0bR6ICehPOrtm7re46IhSgCRMOe_diNNZnotbAbsJUfr6W2Pp81Kj7V91NZs5InlyqTGyl2CSo4GRaO_iDDcmN7H5gLhZ4oRcFME6fzEMQTJy6cPLKLfLxPyvLX0tawahbg9_K-LU5fqyWupQV1lEAZ1HCRsUC7llUCa5o3Br8r-q_AMZk8Pm0AgAA,32946761,Links Images GIS Viewer Completion,08,BUSBY (61987),1HM,APACHE CORPORATION(027200),MIDLAND,Submitted: 01/03/2024 Approved: 01/05/2024,896235,Horizontal,New Drill,N,12000,data/plat_files/1HM/32946761.tif
32946762,https://rrcsearch3.neubus.com/esd3-rrc/api.php?function=GetImage&api_no=32946762&rrcActionMan=H4sIAAAAAAAAAM1Qy2rDMBD8Gvdo9LDS5LAHE9JzH6E5mBwUWzgC2zIruQ_Qx3flEGidnksvy87sMMxO5IyBiJxx4HeIdVkH64bnGpuKHWHm381Jj6MXOZ3zYD60z1v3lsmyKCQJBGTiYXcoaZVpbdB2nR3aR4O9Df5pMvh5cc0bR6ICehPOrtm7re46IhSgCRMOe_diNNZnotbAbsJUfr6W2Pp81Kj7V91NZs5InlyqTGyl2CSo4GRaO_iDDcmN7H5gLhZ4oRcFME6fzEMQTJy6cPLKLfLxPyvLX0tawahbg9_K-LU5fqyWupQV1lEAZ1HCRsUC7llUCa5o3Br8r-q_AMZk8Pm0AgAA,32946762,Links Images GIS Viewer Completion,08,BUSBY (61987),2HM,APACHE CORPORATION(027200),MIDLAND,Submitted: 01/03/2024 Approved: 01/05/2024,896236,Horizontal,New Drill,N,12000,data/plat_files/2HM/32946762.tif
32946763,https://rrcsearch3.neubus.com/esd3-rrc/api.php?function=GetImage&api_no=32946763&rrcActionMan=H4sIAAAAAAAAAM1Qy2rDMBD8Gvdo9LDS5LAHE9JzH6E5mBwUWzgC2zIruQ_Qx3flEGidnksvy87sMMxO5IyBiJxx4HeIdVkH64bnGpuKHWHm381Jj6MXOZ3zYD60z1v3lsmyKCQJBGTiYXcoaZVpbdB2nR3aR4O9Df5pMvh5cc0bR6ICehPOrtm7re46IhSgCRMOe_diNNZnotbAbsJUfr6W2Pp81Kj7V91NZs5InlyqTGyl2CSo4GRaO_iDDcmN7H5gLhZ4oRcFME6fzEMQTJy6cPLKLfLxPyvLX0tawahbg9_K-LU5fqyWupQV1lEAZ1HCRsUC7llUCa5o3Br8r-q_AMZk8Pm0AgAA,32946763,Links Images GIS Viewer Completion,08,BUSBY (61987),3HM,APACHE CORPORATION(027200),MIDLAND,Submitted: 01/03/2024 Approved: 01/05/2024,896238,Horizontal,New Drill,N,12000,data/plat_files/3HM/32946763.tif
32946764,https://rrcsearch3.neubus.com/esd3-rrc/api.php?function=GetImage&api_no=32946764&rrcActionMan=H4sIAAAAAAAAAM1Qy2rDMBD8Gvdo9LDS5LAHE9JzH6E5mBwUWzgC2zIruQ_Qx3flEGidnksvy87sMMxO5IyBiJxx4HeIdVkH64bnGpuKHWHm381Jj6MXOZ3zYD60z1v3lsmyKCQJBGTiYXcoaZVpbdB2nR3aR4O9Df5pMvh5cc0bR6ICehPOrtm7re46IhSgCRMOe_diNNZnotbAbsJUfr6W2Pp81Kj7V91NZs5InlyqTGyl2CSo4GRaO_iDDcmN7H5gLhZ4oRcFME6fzEMQTJy6cPLKLfLxPyvLX0tawahbg9_K-LU5fqyWupQV1lEAZ1HCRsUC7llUCa5o3Br8r-q_AMZk8Pm0AgAA,32946764,Links Images GIS Viewer Completion,08,BUSBY (61987),4HM,APACHE CORPORATION(027200),MIDLAND,Submitted: 01/03/2024 Approved: 01/05/2024,896239,Horizontal,New Drill,N,12000,data/plat_files/4HM/32946764.tif
32946765,https://rrcsearch3.neubus.com/esd3-rrc/api.php?function=GetImage&api_no=32946765&rrcActionMan=H4sIAAAAAAAAAM1Qy2rDMBD8Gvdo9LDS5LAHE9JzH6E5mBwUWzgC2zIruQ_Qx3flEGidnksvy87sMMxO5IyBiJxx4HeIdVkH64bnGpuKHWHm381Jj6MXOZ3zYD60z1v3lsmyKCQJBGTiYXcoaZVpbdB2nR3aR4O9Df5pMvh5cc0bR6ICehPOrtm7re46IhSgCRMOe_diNNZnotbAbsJUfr6W2Pp81Kj7V91NZs5InlyqTGyl2CSo4GRaO_iDDcmN7H5gLhZ4oRcFME6fzEMQTJy6cPLKLfLxPyvLX0tawahbg9_K-LU5fqyWupQV1lEAZ1HCRsUC7llUCa5o3Br8r-q_AMZk8Pm0AgAA,32946765,Links Images GIS Viewer Completion,08,NOBLES BLUE 3328,01H,"CONTINENTAL RESOURCES, INC.(173777)",MIDLAND,Submitted: 01/03/2024 Approved: 01/09/2024,896273,Horizontal,New Drill,N,12000,data/plat_files/01H/32946765.tif
13543901,https://rrcsearch3.neubus.com/esd3-rrc/api.php?function=GetImage&api_no=13543901&rrcActionMan=H4sIAAAAAAAAAM1Qy2rDMBD8Gvdo9LDS5LAHE9JzH6E5mBwUWzgC2zIruQ_Qx3flEGidnksvy87sMMxO5IyBiJxx4HeIdVkH64bnGpuKHWHm381Jj6MXOZ3zYD60z1v3lsmyKCQJBGTiYXcoaZVpbdB2nR3aR4O9Df5pMvh5cc0bR6ICehPOrtm7re46IhSgCRMOe_diNNZnotbAbsJUfr6W2Pp81Kj7V91NZs5InlyqTGyl2CSo4GRaO_iDDcmN7H5gLhZ4oRcFME6fzEMQTJy6cPLKLfLxPyvLX0tawahbg9_K-LU5fqyWupQV1lEAZ1HCRsUC7llUCa5o3Br8r-q_AMZk8Pm0AgAA,13543901,Links Images GIS Viewer Completion,08,MILLARD 'D',102,"RING ENERGY, INC.(712382)",ECTOR,Submitted: 01/08/2024 Approved: 01/11/2024,881783,Directional,New Drill,Y,8500,data/plat_files/102/13543901.tif
32946770,https://rrcsearch3.neubus.com/esd3-rrc/api.php?function=GetImage&api_no=32946770&rrcActionMan=H4sIAAAAAAAAAM1Qy2rDMBD8Gvdo9LDS5LAHE9JzH6E5mBwUWzgC2zIruQ_Qx3flEGidnksvy87sMMxO5IyBiJxx4HeIdVkH64bnGpuKHWHm381Jj6MXOZ3zYD60z1v3lsmyKCQJBGTiYXcoaZVpbdB2nR3aR4O9Df5pMvh5cc0bR6ICehPOrtm7re46IhSgCRMOe_diNNZnotbAbsJUfr6W2Pp81Kj7V91NZs5InlyqTGyl2CSo4GRaO_iDDcmN7H5gLhZ4oRcFME6fzEMQTJy6cPLKLfLxPyvLX0tawahbg9_K-LU5fqyWupQV1lEAZ1HCRsUC7llUCa5o3Br8r-q_AMZk8Pm0AgAA,32946770,Links Images GIS Viewer Completion,08,ATE205,1,"ATMOS ENERGY,WEST TEXAS DIVISION(036603)",MIDLAND,Submitted: 01/08/2024 Approved: 01/22/2024,896403,Vertical,New Drill,N,360,data/plat_files/1/32946770.tif
13543946,https://rrcsearch3.neubus.com/esd3-rrc/api.php?function=GetImage&api_no=13543946&rrcActionMan=H4sIAAAAAAAAAM1Qy2rDMBD8Gvdo9LDS5LAHE9JzH6E5mBwUWzgC2zIruQ_Qx3flEGidnksvy87sMMxO5IyBiJxx4HeIdVkH64bnGpuKHWHm381Jj6MXOZ3zYD60z1v3lsmyKCQJBGTiYXcoaZVpbdB2nR3aR4O9Df5pMvh5cc0bR6ICehPOrtm7re46IhSgCRMOe_diNNZnotbAbsJUfr6W2Pp81Kj7V91NZs5InlyqTGyl2CSo4GRaO_iDDcmN7H5gLhZ4oRcFME6fzEMQTJy6cPLKLfLxPyvLX0tawahbg9_K-LU5fqyWupQV1lEAZ1HCRsUC7llUCa5o3Br8r-q_AMZk8Pm0AgAA,13543946,Links Images GIS Viewer Completion,08,SCHARBAUER C,202,"RING ENERGY, INC.(712382)",ECTOR,Submitted: 01/08/2024 Approved: 01/12/2024,886350,Vertical,New Drill,Y,8500,data/plat_files/202/13543946.tif
13543947,https://rrcsearch3.neubus.com/esd3-rrc/api.php?function=GetImage&api_no=13543947&rrcActionMan=H4sIAAAAAAAAAM1Qy2rDMBD8Gvdo9LDS5LAHE9JzH6E5mBwUWzgC2zIruQ_Qx3flEGidnksvy87sMMxO5IyBiJxx4HeIdVkH64bnGpuKHWHm381Jj6MXOZ3zYD60z1v3lsmyKCQJBGTiYXcoaZVpbdB2nR3aR4O9Df5pMvh5cc0bR6ICehPOrtm7re46IhSgCRMOe_diNNZnotbAbsJUfr6W2Pp81Kj7V91NZs5InlyqTGyl2CSo4GRaO_iDDcmN7H5gLhZ4oRcFME6fzEMQTJy6cPLKLfLxPyvLX0tawahbg9_K-LU5fqyWupQV1lEAZ1HCRsUC7llUCa5o3Br8r-q_AMZk8Pm0AgAA,13543947,Links Images GIS Viewer Completion,08,SCHARBAUER C,203,"RING ENERGY, INC.(712382)",ECTOR,Submitted: 01/08/2024 Approved: 01/12/2024,886353,Vertical,New Drill,Y,8500,data/plat_files/203/13543947.tif
13543882,https://rrcsearch3.neubus.com/esd3-rrc/api.php?function=GetImage&api_no=13543882&rrcActionMan=H4sIAAAAAAAAAM1Qy2rDMBD8Gvdo9LBCfNiDCe25j9AcTA6KLRyBbZmV3Afo47tyCLROz6WXZWd2GGYncsZARM448DvEpmqCdeNzg23NjrDw7-akp8mLnM55MB_a5517y2RVFJIEAjLxcH-oaJVpbdH2vR27R4ODDf5pNvh5cc1bR6ICBhPOrt27ne57IhSgCTOOe_diNDZnorbAbsLUfrlW2Pl80qiHV93PZslInlyqTOykKBNUcDKdHf3BhuRGdj8wFyu80osCGKdPliEIJk5dOHnlVvn4n5XlryVtYNKdwW9l_NocP9ZrXcoKZRTAWZRQqljAlkWV4IbGrcH_qv4LxCtIDLQCAAA,13543882,Links Images GIS Viewer Completion,08,BIG GULP SWD,101,"RING ENERGY, INC.(712382)",ECTOR,Submitted: 01/08/2024 Approved: 01/10/2024,879054,Vertical,New Drill,Y,7500,data/plat_files/101/13543882.tif
13543898,https://rrcsearch3.neubus.com/esd3-rrc/api.php?function=GetImage&api_no=13543898&rrcActionMan=H4sIAAAAAAAAAM1Qy2rDMBD8Gvdo9LBCfNiDCe25j9AcTA6KLRyBbZmV3Afo47tyCLROz6WXZWd2GGYncsZARM448DvEpmqCdeNzg23NjrDw7-akp8mLnM55MB_a5517y2RVFJIEAjLxcH-oaJVpbdH2vR27R4ODDf5pNvh5cc1bR6ICBhPOrt27ne57IhSgCTOOe_diNDZnorbAbsLUfrlW2Pl80qiHV93PZslInlyqTOykKBNUcDKdHf3BhuRGdj8wFyu80osCGKdPliEIJk5dOHnlVvn4n5XlryVtYNKdwW9l_NocP9ZrXcoKZRTAWZRQqljAlkWV4IbGrcH_qv4LxCtIDLQCAAA,13543898,Links Images GIS Viewer Completion,08,BIG GULP SWD,102,"RING ENERGY, INC.(712382)",ECTOR,Submitted: 01/08/2024 Approved: 01/10/2024,880213,Vertical,New Drill,Y,7500,data/plat_files/102/13543898.tif
32946769,https://rrcsearch3.neubus.com/esd3-rrc/api.php?function=GetImage&api_no=32946769&rrcActionMan=H4sIAAAAAAAAAM1Qy2rDMBD8Gvdo9LBCfNiDCe25j9AcTA6KLRyBbZmV3Afo47tyCLROz6WXZWd2GGYncsZARM448DvEpmqCdeNzg23NjrDw7-akp8mLnM55MB_a5517y2RVFJIEAjLxcH-oaJVpbdH2vR27R4ODDf5pNvh5cc1bR6ICBhPOrt27ne57IhSgCTOOe_diNDZnorbAbsLUfrlW2Pl80qiHV93PZslInlyqTOykKBNUcDKdHf3BhuRGdj8wFyu80osCGKdPliEIJk5dOHnlVvn4n5XlryVtYNKdwW9l_NocP9ZrXcoKZRTAWZRQqljAlkWV4IbGrcH_qv4LxCtIDLQCAAA,32946769,Links Images GIS Viewer Completion,08,BUSBY,5HB,APACHE CORPORATION(027200),MIDLAND,Submitted: 01/09/2024 Approved: 01/11/2024,896422,Horizontal,New Drill,N,12000,data/plat_files/5HB/32946769.tif
32945662,https://rrcsearch3.neubus.com/esd3-rrc/api.php?function=GetImage&api_no=32945662&rrcActionMan=H4sIAAAAAAAAAM1Qy2rDMBD8Gvdo9LBCfNiDCe25j9AcTA6KLRyBbZmV3Afo47tyCLROz6WXZWd2GGYncsZARM448DvEpmqCdeNzg23NjrDw7-akp8mLnM55MB_a5517y2RVFJIEAjLxcH-oaJVpbdH2vR27R4ODDf5pNvh5cc1bR6ICBhPOrt27ne57IhSgCTOOe_diNDZnorbAbsLUfrlW2Pl80qiHV93PZslInlyqTOykKBNUcDKdHf3BhuRGdj8wFyu80osCGKdPliEIJk5dOHnlVvn4n5XlryVtYNKdwW9l_NocP9ZrXcoKZRTAWZRQqljAlkWV4IbGrcH_qv4LxCtIDLQCAAA,32945662,Links Images GIS Viewer Completion,08,BANAY AJ (61670),13MS,SUMMIT PETROLEUM LLC(829221),MIDLAND,Submitted: 01/09/2024 Approved: 01/16/2024,879911,Horizontal,New Drill,Y,8800,data/plat_files/13MS/32945662.tif
32942663,https://rrcsearch3.neubus.com/esd3-rrc/api.php?function=GetImage&api_no=32942663&rrcActionMan=H4sIAAAAAAAAAM1Qy2rDMBD8Gvdo9LBCfNiDCe25j9AcTA6KLRyBbZmV3Afo47tyCLROz6WXZWd2GGYncsZARM448DvEpmqCdeNzg23NjrDw7-akp8mLnM55MB_a5517y2RVFJIEAjLxcH-oaJVpbdH2vR27R4ODDf5pNvh5cc1bR6ICBhPOrt27ne57IhSgCTOOe_diNDZnorbAbsLUfrlW2Pl80qiHV93PZslInlyqTOykKBNUcDKdHf3BhuRGdj8wFyu80osCGKdPliEIJk5dOHnlVvn4n5XlryVtYNKdwW9l_NocP9ZrXcoKZRTAWZRQqljAlkWV4IbGrcH_qv4LxCtIDLQCAAA,32942663,Links Images GIS Viewer Completion,08,CHARGER 140 MIPA UNIT (60436),H140MS,"PERMIAN DEEP ROCK OIL CO., LLC(655805)",MIDLAND,Submitted: 01/18/2024 Approved: 01/25/2024,841965,Horizontal,New Drill,Y,8500,data/plat_files/H140MS/32942663.tif
13544025,https://rrcsearch3.neubus.com/esd3-rrc/api.php?function=GetImage&api_no=13544025&rrcActionMan=H4sIAAAAAAAAAM1Qy2rDMBD8Gvdo9LBCfNiDCe25j9AcTA6KLRyBbZmV3Afo47tyCLROz6WXZWd2GGYncsZARM448DvEpmqCdeNzg23NjrDw7-akp8mLnM55MB_a5517y2RVFJIEAjLxcH-oaJVpbdH2vR27R4ODDf5pNvh5cc1bR6ICBhPOrt27ne57IhSgCTOOe_diNDZnorbAbsLUfrlW2Pl80qiHV93PZslInlyqTOykKBNUcDKdHf3BhuRGdj8wFyu80osCGKdPliEIJk5dOHnlVvn4n5XlryVtYNKdwW9l_NocP9ZrXcoKZRTAWZRQqljAlkWV4IbGrcH_qv4LxCtIDLQCAAA,13544025,Links Images GIS Viewer Completion,08,MILLARD -K-,102,"RING ENERGY, INC.(712382)",ECTOR,Submitted: 01/22/2024 Approved: 01/23/2024,896709,Vertical,New Drill,N,8500,data/plat_files/102/13544025.tif
13544033,https://rrcsearch3.neubus.com/esd3-rrc/api.php?function=GetImage&api_no=13544033&rrcActionMan=H4sIAAAAAAAAAM1Qy2rDMBD8Gvdo9LBCfNiDCe25j9AcTA6KLRyBbZmV3Afo47tyCLROz6WXZWd2GGYncsZARM448DvEpmqCdeNzg23NjrDw7-akp8mLnM55MB_a5517y2RVFJIEAjLxcH-oaJVpbdH2vR27R4ODDf5pNvh5cc1bR6ICBhPOrt27ne57IhSgCTOOe_diNDZnorbAbsLUfrlW2Pl80qiHV93PZslInlyqTOykKBNUcDKdHf3BhuRGdj8wFyu80osCGKdPliEIJk5dOHnlVvn4n5XlryVtYNKdwW9l_NocP9ZrXcoKZRTAWZRQqljAlkWV4IbGrcH_qv4LxCtIDLQCAAA,13544033,Links Images GIS Viewer Completion,08,MILLARD -K- (62743),103,"RING ENERGY, INC.(712382)",ECTOR,Submitted: 01/22/2024 Approved: 01/26/2024,896726,Vertical,New Drill,N,8500,data/plat_files/103/13544033.tif
13544023,https://rrcsearch3.neubus.com/esd3-rrc/api.php?function=GetImage&api_no=13544023&rrcActionMan=H4sIAAAAAAAAAM1Qy2rDMBD8Gvdo9LBCfNiDCe25j9AcTA6KLRyBbZmV3Afo47tyCLROz6WXZWd2GGYncsZARM448DvEpmqCdeNzg23NjrDw7-akp8mLnM55MB_a5517y2RVFJIEAjLxcH-oaJVpbdH2vR27R4ODDf5pNvh5cc1bR6ICBhPOrt27ne57IhSgCTOOe_diNDZnorbAbsLUfrlW2Pl80qiHV93PZslInlyqTOykKBNUcDKdHf3BhuRGdj8wFyu80osCGKdPliEIJk5dOHnlVvn4n5XlryVtYNKdwW9l_NocP9ZrXcoKZRTAWZRQqljAlkWV4IbGrcH_qv4LxCtIDLQCAAA,13544023,Links Images GIS Viewer Completion,08,MILLARD 'D' (36922),103,"RING ENERGY, INC.(712382)",ECTOR,Submitted: 01/18/2024 Approved: 01/23/2024,896627,Vertical,New Drill,N,8500,data/plat_files/103/13544023.tif
32946777,https://rrcsearch3.neubus.com/esd3-rrc/api.php?function=GetImage&api_no=32946777&rrcActionMan=H4sIAAAAAAAAAM1Qy2rDMBD8Gvdo9LBCfNiDCe25j9AcTA6KLRyBbZmV3Afo47tyCLROz6WXZWd2GGYncsZARM448DvEpmqCdeNzg23NjrDw7-akp8mLnM55MB_a5517y2RVFJIEAjLxcH-oaJVpbdH2vR27R4ODDf5pNvh5cc1bR6ICBhPOrt27ne57IhSgCTOOe_diNDZnorbAbsLUfrlW2Pl80qiHV93PZslInlyqTOykKBNUcDKdHf3BhuRGdj8wFyu80osCGKdPliEIJk5dOHnlVvn4n5XlryVtYNKdwW9l_NocP9ZrXcoKZRTAWZRQqljAlkWV4IbGrcH_qv4LxCtIDLQCAAA,32946777,Links Images GIS Viewer Completion,08,MCCLINTIC 11 (62474),1D,"PIONEER NATURAL RES. USA, INC.(665748)",MIDLAND,Submitted: 01/22/2024 Approved: 01/24/2024,896736,Vertical,New Drill,N,6500,data/plat_files/1D/32946777.tif
13544027,https://rrcsearch3.neubus.com/esd3-rrc/api.php?function=GetImage&api_no=13544027&rrcActionMan=H4sIAAAAAAAAAM1Qy2rDMBD8Gvdo9LBCfNiDCe25j9AcTA6KLRyBbZmV3Afo47tyCLROz6WXZWd2GGYncsZARM448DvEpmqCdeNzg23NjrDw7-akp8mLnM55MB_a5517y2RVFJIEAjLxcH-oaJVpbdH2vR27R4ODDf5pNvh5cc1bR6ICBhPOrt27ne57IhSgCTOOe_diNDZnorbAbsLUfrlW2Pl80qiHV93PZslInlyqTOykKBNUcDKdHf3BhuRGdj8wFyu80osCGKdPliEIJk5dOHnlVvn4n5XlryVtYNKdwW9l_NocP9ZrXcoKZRTAWZRQqljAlkWV4IbGrcH_qv4LxCtIDLQCAAA,13544027,Links Images GIS Viewer Completion,08,DOWN THE HATCH SWD 17,1,"RING ENERGY, INC.(712382)",ECTOR,Submitted: 01/22/2024 Approved: 01/25/2024,896718,Vertical,New Drill,N,9999,data/plat_files/1/13544027.tif
13544026,https://rrcsearch3.neubus.com/esd3-rrc/api.php?function=GetImage&api_no=13544026&rrcActionMan=H4sIAAAAAAAAAM1Qy2rDMBD8Gvdo9LBCfdiDCem5j9AcTA6KLRSBbZmV3Af447tyCLROz6WXZWd2GGZn5oyBmDnjwO8Qm6qJzg_PDbY1O8LCv5uTHscgcjrn0XzokFv_lsmqKCQJBGTiYXeoaJVpbdF1nRvso8HexfA0Gfy8uOatJ1EBvYln3-79VncdEQrQxAmHvX8xGpszUffAbsLUYblWaEM-atT9q-4ms2QkTy5VJrZSlAkqOBnrhnBwMbmR3Q_MxQqv9KIAxumTZQiCiVMXTl65VT7-Z2WFa0kbGLU1-K2MX5vjx3qtS1mBs1mkIaFUcwElm1WCGxq3Dv-r-y8Qx5EktQIAAA,13544026,Links Images GIS Viewer Completion,08,OPEN WIDE SWD 14,1,"RING ENERGY, INC.(712382)",ECTOR,Submitted: 01/22/2024 Approved: 01/25/2024,896714,Vertical,New Drill,N,9999,data/plat_files/1/13544026.tif
13544028,https://rrcsearch3.neubus.com/esd3-rrc/api.php?function=GetImage&api_no=13544028&rrcActionMan=H4sIAAAAAAAAAM1Qy2rDMBD8Gvdo9LBCfdiDCem5j9AcTA6KLRSBbZmV3Af447tyCLROz6WXZWd2GGZn5oyBmDnjwO8Qm6qJzg_PDbY1O8LCv5uTHscgcjrn0XzokFv_lsmqKCQJBGTiYXeoaJVpbdF1nRvso8HexfA0Gfy8uOatJ1EBvYln3-79VncdEQrQxAmHvX8xGpszUffAbsLUYblWaEM-atT9q-4ms2QkTy5VJrZSlAkqOBnrhnBwMbmR3Q_MxQqv9KIAxumTZQiCiVMXTl65VT7-Z2WFa0kbGLU1-K2MX5vjx3qtS1mBs1mkIaFUcwElm1WCGxq3Dv-r-y8Qx5EktQIAAA,13544028,Links Images GIS Viewer Completion,08,GLUB GLUB SWD 24,1,"RING ENERGY, INC.(712382)",ECTOR,Submitted: 01/22/2024 Approved: 01/25/2024,896715,Vertical,New Drill,N,9999,data/plat_files/1/13544028.tif
13544031,https://rrcsearch3.neubus.com/esd3-rrc/api.php?function=GetImage&api_no=13544031&rrcActionMan=H4sIAAAAAAAAAM1Qy2rDMBD8Gvdo9LBCfdiDCem5j9AcTA6KLRSBbZmV3Af447tyCLROz6WXZWd2GGZn5oyBmDnjwO8Qm6qJzg_PDbY1O8LCv5uTHscgcjrn0XzokFv_lsmqKCQJBGTiYXeoaJVpbdF1nRvso8HexfA0Gfy8uOatJ1EBvYln3-79VncdEQrQxAmHvX8xGpszUffAbsLUYblWaEM-atT9q-4ms2QkTy5VJrZSlAkqOBnrhnBwMbmR3Q_MxQqv9KIAxumTZQiCiVMXTl65VT7-Z2WFa0kbGLU1-K2MX5vjx3qtS1mBs1mkIaFUcwElm1WCGxq3Dv-r-y8Qx5EktQIAAA,13544031,Links Images GIS Viewer Completion,08,SCHARBAUER C (57672),302,"RING ENERGY, INC.(712382)",ECTOR,Submitted: 01/22/2024 Approved: 01/25/2024,896732,Vertical,New Drill,N,8500,data/plat_files/302/13544031.tif
32946360,https://rrcsearch3.neubus.com/esd3-rrc/api.php?function=GetImage&api_no=32946360&rrcActionMan=H4sIAAAAAAAAAM1Qy2rDMBD8Gvdo9LBCfdiDCem5j9AcTA6KLRSBbZmV3Af447tyCLROz6WXZWd2GGZn5oyBmDnjwO8Qm6qJzg_PDbY1O8LCv5uTHscgcjrn0XzokFv_lsmqKCQJBGTiYXeoaJVpbdF1nRvso8HexfA0Gfy8uOatJ1EBvYln3-79VncdEQrQxAmHvX8xGpszUffAbsLUYblWaEM-atT9q-4ms2QkTy5VJrZSlAkqOBnrhnBwMbmR3Q_MxQqv9KIAxumTZQiCiVMXTl65VT7-Z2WFa0kbGLU1-K2MX5vjx3qtS1mBs1mkIaFUcwElm1WCGxq3Dv-r-y8Qx5EktQIAAA,32946360,Links Images GIS Viewer Completion,08,TEXAS TEN Z PU,4007H,"PIONEER NATURAL RES. USA, INC.(665748)",MIDLAND,Submitted: 01/25/2024 Approved: 01/26/2024,891160,Horizontal Sidetrack,New Drill,Y,12200,data/plat_files/4007H/32946360.tif
13544032,https://rrcsearch3.neubus.com/esd3-rrc/api.php?function=GetImage&api_no=13544032&rrcActionMan=H4sIAAAAAAAAAM1Qy2rDMBD8Gvdo9LBCfdiDCem5j9AcTA6KLRSBbZmV3Af447tyCLROz6WXZWd2GGZn5oyBmDnjwO8Qm6qJzg_PDbY1O8LCv5uTHscgcjrn0XzokFv_lsmqKCQJBGTiYXeoaJVpbdF1nRvso8HexfA0Gfy8uOatJ1EBvYln3-79VncdEQrQxAmHvX8xGpszUffAbsLUYblWaEM-atT9q-4ms2QkTy5VJrZSlAkqOBnrhnBwMbmR3Q_MxQqv9KIAxumTZQiCiVMXTl65VT7-Z2WFa0kbGLU1-K2MX5vjx3qtS1mBs1mkIaFUcwElm1WCGxq3Dv-r-y8Qx5EktQIAAA,13544032,Links Images GIS Viewer Completion,08,AVA UNIT (63057),1H,"ARES ENERGY, LTD.(029655)",ECTOR,Submitted: 01/24/2024 Approved: 01/26/2024,896802,Horizontal,New Drill,N,12500,data/plat_files/1H/13544032.tif
